filename,init_locs,seed,diameter,sample_id,0,1,2,3,4,5,6,7,8
random_1,R1,0,1,0,0,0,1,0,0,0,0,0,0
random_1,R1,0,1,1,0,0,0,0,0,0,0,0,0
random_1,R1,0,1,2,0,0,0,0,9,0,0,0,0
random_1,R1,0,1,3,0,0,2,0,0,0,0,0,0
random_1,R1,0,1,4,0,0,0,0,0,0,0,0,0
random_1,R1,0,1,5,0,0,0,0,0,0,0,0,0
random_1,R1,0,1,6,4,0,0,0,0,0,0,0,0
random_1,R1,0,1,7,6,0,2,4,0,0,0,0,0
random_1,R1,0,1,8,1,0,1,0,0,1,0,0,0
random_1,R1,0,1,9,0,0,1,0,0,0,0,0,0
random_1,R1,0,1,10,0,0,1,0,0,0,0,0,0
random_1,R1,0,1,11,0,0,5,0,0,0,0,0,0
random_1,R1,0,1,12,0,0,0,0,0,0,0,0,0
random_1,R1,0,1,13,0,0,0,0,0,0,0,0,0
random_1,R1,0,1,14,7,0,0,0,0,0,0,0,0
random_1,R1,0,1,15,0,0,1,0,0,0,0,0,0
random_1,R1,0,2,0,0,0,2,0,0,0,0,0,0
random_1,R1,0,2,1,2,0,0,0,0,0,0,0,0
random_1,R1,0,2,2,0,0,0,0,24,0,0,0,0
random_1,R1,0,2,3,0,0,7,0,0,0,0,0,0
random_1,R1,0,2,4,0,0,3,0,0,0,0,0,0
random_1,R1,0,2,5,0,0,1,1,0,0,0,0,0
random_1,R1,0,2,6,15,0,1,0,0,0,0,0,0
random_1,R1,0,2,7,13,0,5,12,0,0,0,0,0
random_1,R1,0,2,8,12,0,3,1,0,1,0,0,0
random_1,R1,0,2,9,1,0,3,0,0,0,0,0,0
random_1,R1,0,2,10,0,0,3,0,0,0,0,0,0
random_1,R1,0,2,11,0,0,16,0,0,0,0,0,0
random_1,R1,0,2,12,2,0,0,1,0,0,0,0,0
random_1,R1,0,2,13,0,0,0,0,0,0,0,0,0
random_1,R1,0,2,14,15,0,0,0,0,0,0,0,0
random_1,R1,0,2,15,0,0,5,0,0,0,0,0,0
random_1,R1,0,3,0,0,0,3,0,0,0,0,0,0
random_1,R1,0,3,1,5,0,0,0,0,2,0,0,0
random_1,R1,0,3,2,0,0,0,0,40,0,0,0,0
random_1,R1,0,3,3,0,0,17,0,0,0,0,0,0
random_1,R1,0,3,4,0,0,4,0,0,0,0,0,0
random_1,R1,0,3,5,0,0,5,3,0,0,0,0,0
random_1,R1,0,3,6,30,0,3,0,0,0,0,0,0
random_1,R1,0,3,7,41,0,6,23,0,0,0,0,0
random_1,R1,0,3,8,29,0,9,2,0,3,0,0,0
random_1,R1,0,3,9,1,0,7,0,0,0,0,0,0
random_1,R1,0,3,10,0,0,5,0,0,0,0,0,0
random_1,R1,0,3,11,1,0,25,0,0,0,0,0,0
random_1,R1,0,3,12,3,0,0,1,0,0,0,0,0
random_1,R1,0,3,13,0,0,0,0,0,0,0,0,0
random_1,R1,0,3,14,41,0,0,1,0,1,0,0,0
random_1,R1,0,3,15,0,0,6,0,0,0,0,0,0
random_1,R1,0,4,0,0,0,5,0,0,0,0,0,0
random_1,R1,0,4,1,10,0,0,0,0,3,0,0,0
random_1,R1,0,4,2,0,0,1,0,75,0,0,0,0
random_1,R1,0,4,3,0,0,27,0,0,0,0,1,0
random_1,R1,0,4,4,0,0,11,0,0,0,0,0,0
random_1,R1,0,4,5,0,0,9,3,0,0,0,0,0
random_1,R1,0,4,6,63,0,8,0,0,0,0,0,0
random_1,R1,0,4,7,67,0,8,31,0,0,0,0,0
random_1,R1,0,4,8,42,0,12,3,0,3,0,0,0
random_1,R1,0,4,9,1,0,13,0,0,0,0,0,0
random_1,R1,0,4,10,0,0,9,0,0,0,0,2,0
random_1,R1,0,4,11,5,0,36,0,0,0,0,0,0
random_1,R1,0,4,12,4,0,0,1,0,1,0,0,0
random_1,R1,0,4,13,0,0,0,0,0,0,0,0,0
random_1,R1,0,4,14,69,0,0,2,0,1,0,0,0
random_1,R1,0,4,15,0,0,10,0,0,0,0,0,0
random_1,R1,0,5,0,0,0,7,0,0,0,1,0,0
random_1,R1,0,5,1,15,0,0,0,0,4,0,0,0
random_1,R1,0,5,2,0,0,1,0,112,0,0,0,0
random_1,R1,0,5,3,0,0,38,0,0,0,0,1,0
random_1,R1,0,5,4,0,0,17,0,0,0,0,0,0
random_1,R1,0,5,5,0,0,18,5,0,1,1,0,0
random_1,R1,0,5,6,110,0,13,1,0,0,0,0,0
random_1,R1,0,5,7,94,0,10,39,0,0,0,0,0
random_1,R1,0,5,8,55,0,18,4,0,5,0,0,0
random_1,R1,0,5,9,3,0,16,0,0,0,0,0,0
random_1,R1,0,5,10,0,0,18,0,0,0,0,3,0
random_1,R1,0,5,11,7,0,51,0,0,0,0,0,0
random_1,R1,0,5,12,4,0,0,1,0,1,0,0,0
random_1,R1,0,5,13,0,0,0,0,0,0,0,0,0
random_1,R1,0,5,14,99,0,0,3,0,1,0,0,0
random_1,R1,0,5,15,0,0,11,0,0,0,0,0,0
random_2,R1,1,1,0,0,0,0,0,0,0,0,0,0
random_2,R1,1,1,1,0,0,0,0,0,0,0,0,0
random_2,R1,1,1,2,0,0,0,0,0,0,0,0,0
random_2,R1,1,1,3,0,0,0,0,0,0,0,0,0
random_2,R1,1,1,4,0,0,0,0,0,0,0,0,0
random_2,R1,1,1,5,0,0,0,0,0,0,0,0,0
random_2,R1,1,1,6,0,0,0,0,0,0,0,0,0
random_2,R1,1,1,7,0,1,0,2,0,0,0,0,0
random_2,R1,1,1,8,0,0,0,0,0,0,0,0,0
random_2,R1,1,1,9,0,0,0,0,0,0,0,0,0
random_2,R1,1,1,10,0,0,0,1,2,0,0,0,0
random_2,R1,1,1,11,0,0,0,0,0,0,0,0,0
random_2,R1,1,1,12,1,0,0,0,0,0,0,0,0
random_2,R1,1,1,13,0,0,0,0,6,0,0,0,0
random_2,R1,1,1,14,0,0,0,0,0,0,0,0,0
random_2,R1,1,1,15,4,0,0,0,0,0,1,0,0
random_2,R1,1,2,0,0,0,0,0,0,0,0,0,0
random_2,R1,1,2,1,3,0,0,0,0,0,0,0,0
random_2,R1,1,2,2,0,0,0,0,0,0,0,0,0
random_2,R1,1,2,3,7,0,0,0,0,0,0,0,0
random_2,R1,1,2,4,0,0,0,0,0,0,0,0,0
random_2,R1,1,2,5,0,0,0,0,0,0,0,0,0
random_2,R1,1,2,6,0,0,0,0,0,0,0,0,0
random_2,R1,1,2,7,0,6,0,2,1,0,0,0,0
random_2,R1,1,2,8,0,0,0,0,0,0,0,0,0
random_2,R1,1,2,9,0,0,0,0,0,0,0,0,0
random_2,R1,1,2,10,0,0,0,1,2,0,0,0,0
random_2,R1,1,2,11,0,0,0,0,0,0,0,0,0
random_2,R1,1,2,12,12,0,0,3,0,0,0,0,0
random_2,R1,1,2,13,0,0,0,0,8,0,0,0,0
random_2,R1,1,2,14,0,0,0,0,0,0,0,0,0
random_2,R1,1,2,15,6,0,0,4,0,0,2,0,1
random_2,R1,1,3,0,0,0,0,0,0,0,0,0,1
random_2,R1,1,3,1,5,0,0,0,0,0,0,0,0
random_2,R1,1,3,2,0,0,0,0,0,0,0,0,0
random_2,R1,1,3,3,13,0,0,0,0,0,0,0,0
random_2,R1,1,3,4,0,0,1,0,0,0,0,0,0
random_2,R1,1,3,5,0,0,0,0,0,0,0,0,0
random_2,R1,1,3,6,0,0,0,0,0,0,0,0,0
random_2,R1,1,3,7,0,13,0,2,2,0,0,0,0
random_2,R1,1,3,8,0,0,0,0,0,0,0,0,0
random_2,R1,1,3,9,2,0,0,0,0,0,0,0,0
random_2,R1,1,3,10,0,0,0,3,2,0,0,0,0
random_2,R1,1,3,11,0,0,0,0,0,0,0,0,0
random_2,R1,1,3,12,26,0,0,5,0,1,0,0,0
random_2,R1,1,3,13,0,0,0,0,18,0,0,0,0
random_2,R1,1,3,14,0,0,0,0,0,0,0,0,0
random_2,R1,1,3,15,18,0,0,4,1,0,2,0,1
random_2,R1,1,4,0,0,0,0,0,1,0,0,0,1
random_2,R1,1,4,1,15,0,0,0,0,0,0,0,0
random_2,R1,1,4,2,0,0,0,0,0,0,0,0,0
random_2,R1,1,4,3,22,0,0,0,0,0,0,0,0
random_2,R1,1,4,4,0,0,1,0,0,0,0,0,0
random_2,R1,1,4,5,0,0,0,0,0,0,0,0,0
random_2,R1,1,4,6,0,0,1,0,0,0,0,0,0
random_2,R1,1,4,7,0,24,0,4,2,0,0,0,0
random_2,R1,1,4,8,0,0,0,0,0,0,0,0,0
random_2,R1,1,4,9,2,0,0,0,0,0,0,0,0
random_2,R1,1,4,10,0,0,1,4,4,0,0,0,0
random_2,R1,1,4,11,0,0,0,0,0,0,0,0,0
random_2,R1,1,4,12,36,0,0,7,0,1,0,0,0
random_2,R1,1,4,13,0,0,0,0,27,0,0,0,0
random_2,R1,1,4,14,2,0,0,0,0,1,0,0,0
random_2,R1,1,4,15,30,0,0,4,1,2,3,0,1
random_2,R1,1,5,0,0,0,0,0,1,0,1,0,1
random_2,R1,1,5,1,18,0,0,0,0,0,0,0,0
random_2,R1,1,5,2,0,0,1,0,0,0,0,0,0
random_2,R1,1,5,3,31,0,0,0,0,0,0,0,0
random_2,R1,1,5,4,0,0,2,0,0,0,0,0,0
random_2,R1,1,5,5,0,0,0,0,0,0,0,0,0
random_2,R1,1,5,6,0,0,1,0,0,0,0,0,0
random_2,R1,1,5,7,1,47,0,6,2,2,0,0,0
random_2,R1,1,5,8,0,0,0,0,0,0,0,0,0
random_2,R1,1,5,9,2,0,0,0,0,0,0,0,0
random_2,R1,1,5,10,0,0,1,8,6,0,0,0,0
random_2,R1,1,5,11,0,0,0,0,0,1,0,0,0
random_2,R1,1,5,12,48,0,0,10,0,2,0,0,0
random_2,R1,1,5,13,0,0,0,1,48,0,0,0,0
random_2,R1,1,5,14,2,0,0,0,0,1,0,0,0
random_2,R1,1,5,15,36,0,0,5,1,2,4,0,2
random_3,R1,2,1,0,0,0,3,0,1,0,0,0,0
random_3,R1,2,1,1,0,0,0,0,0,0,0,0,0
random_3,R1,2,1,2,0,0,3,0,0,0,0,0,0
random_3,R1,2,1,3,0,0,0,0,0,0,0,0,0
random_3,R1,2,1,4,0,0,0,0,0,0,0,0,0
random_3,R1,2,1,5,0,14,0,0,0,0,0,0,0
random_3,R1,2,1,6,0,0,0,0,0,0,0,0,0
random_3,R1,2,1,7,6,0,0,0,0,0,0,0,0
random_3,R1,2,1,8,3,0,0,0,0,0,0,0,0
random_3,R1,2,1,9,0,7,0,0,0,0,0,0,0
random_3,R1,2,1,10,0,0,0,0,0,0,0,0,0
random_3,R1,2,1,11,0,0,1,0,0,0,0,0,0
random_3,R1,2,1,12,1,0,0,0,0,0,0,0,0
random_3,R1,2,1,13,0,0,0,0,0,0,0,0,0
random_3,R1,2,1,14,0,0,2,0,0,1,0,0,0
random_3,R1,2,1,15,0,0,1,0,1,0,0,0,0
random_3,R1,2,2,0,0,0,3,0,1,0,0,0,0
random_3,R1,2,2,1,0,0,0,0,0,0,0,0,0
random_3,R1,2,2,2,0,0,6,0,0,0,0,0,0
random_3,R1,2,2,3,0,0,0,0,0,0,0,0,0
random_3,R1,2,2,4,0,0,0,0,0,0,0,0,0
random_3,R1,2,2,5,0,53,0,0,0,0,0,0,0
random_3,R1,2,2,6,0,0,1,4,0,0,0,0,0
random_3,R1,2,2,7,9,0,0,0,0,0,0,0,0
random_3,R1,2,2,8,3,0,0,1,0,0,0,0,0
random_3,R1,2,2,9,0,16,0,0,0,0,0,0,0
random_3,R1,2,2,10,1,0,0,0,0,0,0,0,0
random_3,R1,2,2,11,0,0,3,0,0,0,0,0,0
random_3,R1,2,2,12,2,0,1,0,0,0,0,0,0
random_3,R1,2,2,13,0,0,0,0,0,0,0,0,0
random_3,R1,2,2,14,0,0,5,0,0,1,0,0,0
random_3,R1,2,2,15,0,0,1,0,1,0,0,0,0
random_3,R1,2,3,0,0,0,3,0,2,0,0,0,0
random_3,R1,2,3,1,0,0,0,0,0,0,0,0,0
random_3,R1,2,3,2,0,0,12,0,0,0,0,0,0
random_3,R1,2,3,3,0,0,0,0,0,0,0,0,0
random_3,R1,2,3,4,0,0,2,0,0,0,0,0,0
random_3,R1,2,3,5,0,120,0,0,0,0,0,0,0
random_3,R1,2,3,6,0,0,1,10,0,2,0,0,0
random_3,R1,2,3,7,13,0,0,0,0,0,0,0,0
random_3,R1,2,3,8,11,0,0,3,0,1,0,0,0
random_3,R1,2,3,9,0,34,1,0,0,0,0,0,0
random_3,R1,2,3,10,6,0,0,0,0,0,0,0,0
random_3,R1,2,3,11,0,0,12,0,0,0,0,0,0
random_3,R1,2,3,12,4,0,1,0,0,0,0,0,0
random_3,R1,2,3,13,0,0,2,0,0,0,0,0,0
random_3,R1,2,3,14,0,0,9,0,0,1,0,0,0
random_3,R1,2,3,15,0,0,5,0,5,0,0,0,0
random_3,R1,2,4,0,0,0,3,0,3,0,0,0,0
random_3,R1,2,4,1,0,0,0,0,0,0,0,0,0
random_3,R1,2,4,2,0,0,12,0,0,0,0,0,0
random_3,R1,2,4,3,0,0,0,0,0,0,0,0,0
random_3,R1,2,4,4,0,0,2,0,0,0,0,0,0
random_3,R1,2,4,5,0,187,0,0,0,0,0,0,0
random_3,R1,2,4,6,0,0,1,20,0,3,0,0,0
random_3,R1,2,4,7,17,0,0,0,0,1,0,0,0
random_3,R1,2,4,8,19,0,0,8,0,2,0,0,0
random_3,R1,2,4,9,0,50,1,0,0,0,1,0,0
random_3,R1,2,4,10,13,0,0,0,0,0,0,0,0
random_3,R1,2,4,11,0,0,21,0,0,0,0,0,0
random_3,R1,2,4,12,12,0,1,0,0,0,0,0,0
random_3,R1,2,4,13,2,0,2,0,0,0,0,0,0
random_3,R1,2,4,14,0,0,24,0,0,1,0,0,0
random_3,R1,2,4,15,0,0,9,0,8,1,1,0,0
random_3,R1,2,5,0,0,0,4,0,7,0,0,0,0
random_3,R1,2,5,1,0,0,0,0,0,0,0,0,0
random_3,R1,2,5,2,0,0,18,0,0,0,0,0,0
random_3,R1,2,5,3,0,0,0,0,0,0,0,0,0
random_3,R1,2,5,4,0,0,5,0,0,0,0,0,0
random_3,R1,2,5,5,0,268,0,0,0,0,0,0,0
random_3,R1,2,5,6,0,0,1,24,0,3,0,0,0
random_3,R1,2,5,7,27,0,0,0,0,2,0,0,0
random_3,R1,2,5,8,28,0,4,13,0,2,0,0,0
random_3,R1,2,5,9,0,68,2,0,0,0,2,0,0
random_3,R1,2,5,10,25,0,0,0,0,0,0,0,0
random_3,R1,2,5,11,0,0,27,0,0,0,0,0,0
random_3,R1,2,5,12,17,0,7,0,0,0,0,0,0
random_3,R1,2,5,13,2,0,3,0,0,0,0,0,0
random_3,R1,2,5,14,0,0,42,0,0,2,0,0,0
random_3,R1,2,5,15,0,0,11,0,14,1,2,0,0
random_4,R1,3,1,0,0,0,0,0,0,0,0,0,0
random_4,R1,3,1,1,0,0,1,0,0,0,0,0,0
random_4,R1,3,1,2,0,18,0,0,0,0,0,0,0
random_4,R1,3,1,3,0,0,0,0,0,0,0,0,0
random_4,R1,3,1,4,0,0,0,0,0,0,0,0,0
random_4,R1,3,1,5,0,0,0,2,0,0,0,0,0
random_4,R1,3,1,6,6,0,0,0,0,0,0,0,0
random_4,R1,3,1,7,0,0,0,0,0,0,0,0,0
random_4,R1,3,1,8,0,19,0,0,1,0,0,0,0
random_4,R1,3,1,9,0,0,0,0,0,0,0,0,0
random_4,R1,3,1,10,0,31,0,1,0,0,0,0,3
random_4,R1,3,1,11,0,0,0,0,0,0,0,0,0
random_4,R1,3,1,12,0,0,0,0,0,0,0,0,0
random_4,R1,3,1,13,3,0,0,0,0,0,0,0,0
random_4,R1,3,1,14,0,0,0,0,0,0,0,0,0
random_4,R1,3,1,15,0,0,0,1,0,0,0,0,0
random_4,R1,3,2,0,0,0,0,0,0,0,0,0,0
random_4,R1,3,2,1,0,0,3,0,0,0,0,0,0
random_4,R1,3,2,2,0,53,0,0,0,0,0,0,0
random_4,R1,3,2,3,0,0,0,0,0,0,0,0,0
random_4,R1,3,2,4,0,0,0,0,0,0,0,0,0
random_4,R1,3,2,5,2,0,0,5,0,0,0,0,0
random_4,R1,3,2,6,14,0,0,0,0,0,0,0,0
random_4,R1,3,2,7,0,0,0,0,0,0,0,0,0
random_4,R1,3,2,8,0,50,0,0,2,0,0,0,0
random_4,R1,3,2,9,0,0,0,0,0,0,0,0,0
random_4,R1,3,2,10,0,60,0,1,0,0,0,0,4
random_4,R1,3,2,11,0,0,0,0,0,0,0,0,0
random_4,R1,3,2,12,1,0,0,0,0,0,0,0,0
random_4,R1,3,2,13,9,0,0,0,0,0,0,0,0
random_4,R1,3,2,14,0,0,0,0,0,0,0,0,0
random_4,R1,3,2,15,0,0,0,1,0,0,0,0,0
random_4,R1,3,3,0,0,0,0,0,0,0,0,0,0
random_4,R1,3,3,1,0,0,8,0,0,0,0,0,0
random_4,R1,3,3,2,0,112,0,0,0,0,0,0,0
random_4,R1,3,3,3,0,0,0,0,0,1,0,0,0
random_4,R1,3,3,4,0,0,0,0,0,0,0,0,0
random_4,R1,3,3,5,3,0,0,10,0,0,0,0,0
random_4,R1,3,3,6,39,0,0,0,0,0,0,0,0
random_4,R1,3,3,7,0,0,0,0,0,0,0,0,0
random_4,R1,3,3,8,0,96,0,0,4,0,2,0,0
random_4,R1,3,3,9,0,0,0,0,0,0,0,0,0
random_4,R1,3,3,10,0,93,0,1,0,0,0,0,6
random_4,R1,3,3,11,0,0,0,0,0,0,0,0,0
random_4,R1,3,3,12,1,0,0,0,0,0,0,0,0
random_4,R1,3,3,13,16,0,0,0,0,0,0,0,0
random_4,R1,3,3,14,0,0,3,0,0,0,0,0,0
random_4,R1,3,3,15,3,0,0,3,0,0,0,0,0
random_4,R1,3,4,0,0,0,0,0,0,0,0,0,0
random_4,R1,3,4,1,0,0,10,1,0,0,0,0,0
random_4,R1,3,4,2,0,179,0,0,0,0,0,0,0
random_4,R1,3,4,3,0,0,0,0,0,3,0,0,0
random_4,R1,3,4,4,0,0,0,0,0,0,0,0,0
random_4,R1,3,4,5,7,0,0,17,0,2,0,0,0
random_4,R1,3,4,6,59,0,0,0,0,0,0,0,0
random_4,R1,3,4,7,0,0,0,0,0,0,0,0,0
random_4,R1,3,4,8,0,159,0,0,6,0,2,0,0
random_4,R1,3,4,9,0,0,0,0,0,1,0,0,0
random_4,R1,3,4,10,0,144,0,1,0,1,1,0,9
random_4,R1,3,4,11,0,0,0,0,0,0,0,0,0
random_4,R1,3,4,12,1,0,0,2,0,0,0,0,0
random_4,R1,3,4,13,21,0,0,0,0,0,0,0,0
random_4,R1,3,4,14,0,0,3,0,0,0,0,0,0
random_4,R1,3,4,15,3,0,1,7,0,1,0,0,0
random_4,R1,3,5,0,0,0,0,0,0,1,0,0,0
random_4,R1,3,5,1,0,0,11,1,0,0,0,0,0
random_4,R1,3,5,2,0,265,0,0,0,1,0,0,0
random_4,R1,3,5,3,0,0,0,0,0,4,0,0,0
random_4,R1,3,5,4,0,0,0,0,0,0,0,0,0
random_4,R1,3,5,5,11,0,0,31,0,3,0,0,0
random_4,R1,3,5,6,99,0,0,0,0,0,0,0,0
random_4,R1,3,5,7,0,0,0,0,0,0,0,0,0
random_4,R1,3,5,8,0,223,0,0,9,0,2,0,1
random_4,R1,3,5,9,0,0,0,0,0,1,0,0,0
random_4,R1,3,5,10,0,195,0,1,0,1,1,0,10
random_4,R1,3,5,11,0,0,0,0,0,0,0,0,0
random_4,R1,3,5,12,1,0,0,3,0,0,0,0,0
random_4,R1,3,5,13,25,0,0,0,0,0,0,0,0
random_4,R1,3,5,14,0,0,4,1,0,0,0,0,0
random_4,R1,3,5,15,3,0,1,9,0,1,0,0,0
random_5,R1,4,1,0,0,0,0,0,0,3,0,0,0
random_5,R1,4,1,1,0,0,0,0,0,0,0,0,0
random_5,R1,4,1,2,0,0,0,0,0,0,0,0,0
random_5,R1,4,1,3,0,0,0,0,0,0,0,0,0
random_5,R1,4,1,4,0,0,0,3,0,0,0,0,0
random_5,R1,4,1,5,0,0,0,0,0,0,0,0,0
random_5,R1,4,1,6,1,0,0,0,0,0,0,0,0
random_5,R1,4,1,7,3,0,0,0,0,0,0,0,0
random_5,R1,4,1,8,0,0,0,0,1,0,0,0,0
random_5,R1,4,1,9,4,3,0,0,0,0,0,0,0
random_5,R1,4,1,10,0,12,0,0,0,0,0,0,0
random_5,R1,4,1,11,4,0,0,1,0,0,0,0,0
random_5,R1,4,1,12,0,0,0,0,0,0,0,0,0
random_5,R1,4,1,13,4,0,0,0,0,0,0,0,0
random_5,R1,4,1,14,0,0,0,2,0,0,0,0,0
random_5,R1,4,1,15,5,0,0,1,0,0,0,0,0
random_5,R1,4,2,0,0,0,0,0,0,3,0,0,0
random_5,R1,4,2,1,0,0,0,0,0,0,0,0,0
random_5,R1,4,2,2,0,0,1,0,0,0,0,0,0
random_5,R1,4,2,3,0,0,0,0,0,0,0,0,0
random_5,R1,4,2,4,0,0,0,6,0,0,0,0,0
random_5,R1,4,2,5,0,0,1,0,0,0,0,0,0
random_5,R1,4,2,6,5,0,0,1,0,1,0,0,0
random_5,R1,4,2,7,9,0,0,0,0,0,0,0,0
random_5,R1,4,2,8,0,0,0,0,1,0,0,0,0
random_5,R1,4,2,9,15,9,0,0,0,0,0,0,0
random_5,R1,4,2,10,0,32,0,0,0,0,1,0,0
random_5,R1,4,2,11,13,0,0,3,0,0,0,0,0
random_5,R1,4,2,12,0,0,0,0,0,0,0,0,0
random_5,R1,4,2,13,10,0,0,0,0,2,1,0,1
random_5,R1,4,2,14,0,0,2,3,0,0,0,0,0
random_5,R1,4,2,15,15,0,0,6,0,0,0,0,0
random_5,R1,4,3,0,2,0,0,2,0,3,0,0,0
random_5,R1,4,3,1,0,0,0,0,0,0,0,0,0
random_5,R1,4,3,2,0,0,1,0,0,1,0,0,0
random_5,R1,4,3,3,0,0,0,0,0,0,0,0,0
random_5,R1,4,3,4,0,0,0,7,0,0,0,0,0
random_5,R1,4,3,5,0,0,1,0,0,0,0,0,0
random_5,R1,4,3,6,14,0,0,2,0,3,0,0,0
random_5,R1,4,3,7,13,0,0,1,0,0,0,0,0
random_5,R1,4,3,8,0,0,0,0,1,0,0,0,0
random_5,R1,4,3,9,19,19,0,0,0,0,0,0,0
random_5,R1,4,3,10,0,55,0,0,0,0,1,0,0
random_5,R1,4,3,11,31,0,0,6,0,1,0,0,0
random_5,R1,4,3,12,0,0,0,0,0,0,0,0,0
random_5,R1,4,3,13,13,0,0,0,1,3,1,0,1
random_5,R1,4,3,14,0,0,2,5,0,0,0,0,0
random_5,R1,4,3,15,28,0,0,9,0,0,0,0,0
random_5,R1,4,4,0,2,0,0,4,0,3,0,0,0
random_5,R1,4,4,1,0,0,0,0,0,0,0,0,0
random_5,R1,4,4,2,0,0,2,0,0,1,0,0,0
random_5,R1,4,4,3,0,0,0,0,0,0,0,0,0
random_5,R1,4,4,4,0,0,0,11,0,0,0,0,0
random_5,R1,4,4,5,0,0,2,1,2,0,0,0,0
random_5,R1,4,4,6,27,0,0,3,0,3,0,0,0
random_5,R1,4,4,7,28,0,0,2,0,1,0,0,0
random_5,R1,4,4,8,0,0,0,0,1,0,0,0,0
random_5,R1,4,4,9,35,37,0,0,0,0,0,0,0
random_5,R1,4,4,10,0,91,0,0,0,0,2,0,0
random_5,R1,4,4,11,47,0,0,8,0,1,0,0,0
random_5,R1,4,4,12,0,0,0,0,0,0,0,0,0
random_5,R1,4,4,13,27,0,0,0,1,6,1,0,1
random_5,R1,4,4,14,0,0,3,8,0,0,0,0,0
random_5,R1,4,4,15,44,0,0,13,0,0,0,0,0
random_5,R1,4,5,0,4,0,0,9,0,3,0,0,0
random_5,R1,4,5,1,0,0,0,0,0,0,0,0,0
random_5,R1,4,5,2,0,0,3,0,0,1,0,0,0
random_5,R1,4,5,3,1,0,0,1,0,0,0,0,0
random_5,R1,4,5,4,0,0,0,27,0,0,0,0,0
random_5,R1,4,5,5,0,0,2,2,6,0,0,0,0
random_5,R1,4,5,6,39,0,0,4,0,5,0,0,0
random_5,R1,4,5,7,39,0,0,5,0,3,0,0,0
random_5,R1,4,5,8,0,0,0,0,1,0,0,0,0
random_5,R1,4,5,9,50,56,0,1,0,0,0,0,0
random_5,R1,4,5,10,0,134,0,0,0,0,2,1,0
random_5,R1,4,5,11,76,0,0,12,0,1,0,0,0
random_5,R1,4,5,12,0,0,1,0,0,0,0,0,0
random_5,R1,4,5,13,52,0,0,0,4,8,1,1,2
random_5,R1,4,5,14,0,0,3,9,0,0,0,0,0
random_5,R1,4,5,15,62,0,0,19,0,1,0,0,0
random_6,R1,5,1,0,0,0,3,0,0,0,0,0,0
random_6,R1,5,1,1,0,0,4,0,0,0,0,0,0
random_6,R1,5,1,2,0,0,0,0,0,0,0,0,0
random_6,R1,5,1,3,0,0,0,0,0,0,0,0,0
random_6,R1,5,1,4,0,0,0,0,4,0,0,0,0
random_6,R1,5,1,5,0,0,1,0,0,0,0,0,0
random_6,R1,5,1,6,2,0,0,0,0,0,0,0,0
random_6,R1,5,1,7,0,0,1,0,0,0,0,0,0
random_6,R1,5,1,8,0,0,3,0,0,0,0,0,0
random_6,R1,5,1,9,0,0,0,0,0,0,0,0,0
random_6,R1,5,1,10,2,0,0,0,0,0,0,0,0
random_6,R1,5,1,11,0,0,1,0,0,0,0,0,0
random_6,R1,5,1,12,0,0,0,0,0,0,1,0,0
random_6,R1,5,1,13,1,0,1,0,0,0,0,0,0
random_6,R1,5,1,14,0,0,0,0,0,0,0,0,0
random_6,R1,5,1,15,0,0,1,0,0,0,0,0,0
random_6,R1,5,2,0,4,0,6,0,0,0,0,0,0
random_6,R1,5,2,1,0,0,8,0,0,0,0,0,0
random_6,R1,5,2,2,0,0,1,1,0,0,0,0,0
random_6,R1,5,2,3,0,0,1,0,0,0,0,0,0
random_6,R1,5,2,4,0,0,0,0,16,0,0,0,0
random_6,R1,5,2,5,0,0,1,0,0,0,0,0,0
random_6,R1,5,2,6,10,0,0,0,0,0,0,0,0
random_6,R1,5,2,7,0,0,1,0,0,1,0,0,0
random_6,R1,5,2,8,0,0,7,0,0,0,0,0,0
random_6,R1,5,2,9,5,0,0,0,0,0,0,0,0
random_6,R1,5,2,10,3,0,0,0,0,0,0,0,0
random_6,R1,5,2,11,0,0,1,0,0,0,0,0,0
random_6,R1,5,2,12,2,0,2,0,0,0,1,0,0
random_6,R1,5,2,13,4,0,1,0,0,0,0,0,0
random_6,R1,5,2,14,0,0,0,0,0,0,0,0,0
random_6,R1,5,2,15,0,0,8,0,0,0,0,0,0
random_6,R1,5,3,0,6,0,9,0,0,0,0,0,0
random_6,R1,5,3,1,0,0,15,0,0,0,0,0,0
random_6,R1,5,3,2,0,0,2,1,0,0,0,0,0
random_6,R1,5,3,3,0,0,2,0,0,0,0,0,0
random_6,R1,5,3,4,0,0,0,0,27,0,0,0,0
random_6,R1,5,3,5,0,0,2,0,0,0,0,0,0
random_6,R1,5,3,6,17,0,0,0,0,0,0,0,0
random_6,R1,5,3,7,0,0,4,0,0,1,0,0,0
random_6,R1,5,3,8,0,0,19,0,0,0,0,0,0
random_6,R1,5,3,9,14,0,0,0,0,0,0,0,0
random_6,R1,5,3,10,8,0,0,0,0,1,0,0,0
random_6,R1,5,3,11,0,0,2,0,0,1,0,0,0
random_6,R1,5,3,12,4,0,2,0,0,0,1,0,0
random_6,R1,5,3,13,8,0,6,0,0,1,0,0,0
random_6,R1,5,3,14,0,0,4,0,0,0,0,0,0
random_6,R1,5,3,15,0,0,8,0,0,0,0,0,0
random_6,R1,5,4,0,15,0,12,0,0,0,0,0,0
random_6,R1,5,4,1,0,0,24,0,0,0,0,0,0
random_6,R1,5,4,2,0,0,4,3,0,0,0,0,0
random_6,R1,5,4,3,0,0,4,0,0,0,0,0,0
random_6,R1,5,4,4,0,0,0,0,45,0,0,0,0
random_6,R1,5,4,5,1,0,3,0,0,0,0,0,0
random_6,R1,5,4,6,21,0,0,0,0,0,0,0,0
random_6,R1,5,4,7,0,0,6,0,0,2,0,0,0
random_6,R1,5,4,8,0,0,25,0,0,0,0,0,0
random_6,R1,5,4,9,28,0,2,0,0,0,0,0,0
random_6,R1,5,4,10,14,0,0,2,0,1,0,0,0
random_6,R1,5,4,11,0,0,2,0,0,1,0,0,0
random_6,R1,5,4,12,10,0,2,0,0,0,1,0,0
random_6,R1,5,4,13,15,0,8,0,0,1,0,0,0
random_6,R1,5,4,14,0,0,8,0,0,0,0,0,0
random_6,R1,5,4,15,0,0,12,0,0,0,0,0,0
random_6,R1,5,5,0,40,0,17,1,0,0,0,0,0
random_6,R1,5,5,1,0,0,36,0,0,0,0,0,0
random_6,R1,5,5,2,0,0,4,3,0,0,0,0,0
random_6,R1,5,5,3,0,0,4,0,0,0,0,0,0
random_6,R1,5,5,4,0,0,0,0,58,0,0,0,0
random_6,R1,5,5,5,2,0,4,0,0,2,0,0,0
random_6,R1,5,5,6,31,0,2,0,0,0,0,0,0
random_6,R1,5,5,7,0,0,6,0,0,2,0,0,0
random_6,R1,5,5,8,0,0,32,0,0,0,0,0,0
random_6,R1,5,5,9,50,0,3,0,0,0,0,0,0
random_6,R1,5,5,10,19,0,0,2,0,3,0,0,0
random_6,R1,5,5,11,4,0,2,0,0,1,0,0,0
random_6,R1,5,5,12,15,0,3,0,0,0,2,0,0
random_6,R1,5,5,13,25,0,11,0,0,1,0,0,0
random_6,R1,5,5,14,0,0,9,1,0,0,0,0,0
random_6,R1,5,5,15,0,0,15,0,0,0,0,0,0
clustered_1,C1,0,1,0,0,0,0,0,0,0,0,0,0
clustered_1,C1,0,1,1,2,0,0,0,0,1,0,0,0
clustered_1,C1,0,1,2,0,0,0,0,2,0,0,0,0
clustered_1,C1,0,1,3,8,0,0,0,0,0,0,0,0
clustered_1,C1,0,1,4,0,0,0,0,0,0,0,0,0
clustered_1,C1,0,1,5,0,10,0,0,0,0,0,0,0
clustered_1,C1,0,1,6,5,0,0,0,0,0,0,0,0
clustered_1,C1,0,1,7,2,0,2,0,2,1,0,0,0
clustered_1,C1,0,1,8,0,0,0,0,0,0,0,0,0
clustered_1,C1,0,1,9,0,14,0,0,1,0,0,0,0
clustered_1,C1,0,1,10,0,0,0,0,0,0,0,0,0
clustered_1,C1,0,1,11,0,20,0,0,0,0,0,0,0
clustered_1,C1,0,1,12,2,4,0,0,0,0,0,0,0
clustered_1,C1,0,1,13,0,0,0,0,0,0,0,0,0
clustered_1,C1,0,1,14,0,23,0,0,2,0,1,0,0
clustered_1,C1,0,1,15,2,0,0,0,0,0,0,0,0
clustered_1,C1,0,2,0,9,0,0,0,0,0,0,0,0
clustered_1,C1,0,2,1,6,0,0,0,0,3,0,0,0
clustered_1,C1,0,2,2,0,0,0,0,4,0,0,0,0
clustered_1,C1,0,2,3,15,0,0,0,0,0,0,0,0
clustered_1,C1,0,2,4,0,0,0,0,0,0,0,0,0
clustered_1,C1,0,2,5,0,28,0,0,0,0,2,0,1
clustered_1,C1,0,2,6,5,0,0,0,0,1,0,0,0
clustered_1,C1,0,2,7,11,0,3,0,3,1,0,0,0
clustered_1,C1,0,2,8,0,0,0,0,0,0,0,0,0
clustered_1,C1,0,2,9,0,23,0,0,2,0,0,0,0
clustered_1,C1,0,2,10,0,0,0,0,0,0,0,0,0
clustered_1,C1,0,2,11,0,39,0,0,0,0,0,0,0
clustered_1,C1,0,2,12,9,15,0,0,0,0,0,0,0
clustered_1,C1,0,2,13,6,0,0,0,0,0,0,0,0
clustered_1,C1,0,2,14,0,53,0,0,7,0,3,0,2
clustered_1,C1,0,2,15,8,0,0,0,0,0,1,0,0
clustered_1,C1,0,3,0,18,0,0,0,0,0,0,0,0
clustered_1,C1,0,3,1,12,0,0,0,0,5,0,0,0
clustered_1,C1,0,3,2,0,2,0,0,9,0,1,0,2
clustered_1,C1,0,3,3,38,0,1,0,0,1,0,0,0
clustered_1,C1,0,3,4,0,0,0,0,0,0,0,0,0
clustered_1,C1,0,3,5,0,72,0,0,0,0,2,0,1
clustered_1,C1,0,3,6,6,0,0,0,0,2,0,0,0
clustered_1,C1,0,3,7,27,3,5,3,4,3,0,0,0
clustered_1,C1,0,3,8,0,0,0,0,0,0,0,0,0
clustered_1,C1,0,3,9,0,36,1,0,4,1,0,1,0
clustered_1,C1,0,3,10,0,0,0,1,0,0,0,0,0
clustered_1,C1,0,3,11,0,70,0,0,0,0,0,0,0
clustered_1,C1,0,3,12,11,40,0,0,0,0,0,0,0
clustered_1,C1,0,3,13,11,0,0,0,0,0,0,0,0
clustered_1,C1,0,3,14,0,101,0,0,13,0,4,0,2
clustered_1,C1,0,3,15,18,0,0,0,1,1,3,0,0
clustered_1,C1,0,4,0,22,0,0,0,0,0,0,0,0
clustered_1,C1,0,4,1,26,0,0,0,0,8,0,0,0
clustered_1,C1,0,4,2,0,5,0,0,19,0,1,0,5
clustered_1,C1,0,4,3,54,0,2,0,0,2,0,0,0
clustered_1,C1,0,4,4,0,0,1,0,0,0,0,0,0
clustered_1,C1,0,4,5,0,123,0,0,0,0,4,0,1
clustered_1,C1,0,4,6,7,0,0,0,0,2,0,1,0
clustered_1,C1,0,4,7,52,8,7,5,4,3,0,0,0
clustered_1,C1,0,4,8,1,0,0,0,0,0,0,0,0
clustered_1,C1,0,4,9,0,55,1,1,6,2,0,1,0
clustered_1,C1,0,4,10,0,0,2,3,0,0,0,0,0
clustered_1,C1,0,4,11,0,108,0,0,0,0,0,0,0
clustered_1,C1,0,4,12,17,90,3,0,0,0,0,0,0
clustered_1,C1,0,4,13,21,0,0,1,0,0,0,0,0
clustered_1,C1,0,4,14,0,157,0,0,16,0,4,0,5
clustered_1,C1,0,4,15,28,0,0,0,1,1,3,0,0
clustered_1,C1,0,5,0,26,0,0,0,0,0,0,0,0
clustered_1,C1,0,5,1,34,0,0,0,0,10,0,0,0
clustered_1,C1,0,5,2,0,6,0,0,30,0,1,0,5
clustered_1,C1,0,5,3,98,0,2,0,0,2,0,0,0
clustered_1,C1,0,5,4,0,0,1,0,0,0,0,0,0
clustered_1,C1,0,5,5,0,167,0,0,1,0,6,0,1
clustered_1,C1,0,5,6,11,0,0,0,0,2,0,2,0
clustered_1,C1,0,5,7,72,15,11,5,4,8,0,0,0
clustered_1,C1,0,5,8,2,6,0,0,0,0,0,0,0
clustered_1,C1,0,5,9,0,75,1,1,12,3,0,1,0
clustered_1,C1,0,5,10,0,0,2,8,0,0,0,0,0
clustered_1,C1,0,5,11,0,147,0,0,0,0,0,0,0
clustered_1,C1,0,5,12,28,128,3,0,0,0,0,0,0
clustered_1,C1,0,5,13,33,0,0,1,0,2,0,0,0
clustered_1,C1,0,5,14,0,225,0,0,26,0,4,0,6
clustered_1,C1,0,5,15,38,0,0,0,1,3,3,0,2
clustered_2,C1,1,1,0,3,0,0,0,0,0,0,0,0
clustered_2,C1,1,1,1,0,25,0,0,0,1,0,0,0
clustered_2,C1,1,1,2,0,13,0,0,0,0,0,0,0
clustered_2,C1,1,1,3,8,0,0,0,0,0,0,0,0
clustered_2,C1,1,1,4,1,0,0,3,0,2,0,0,0
clustered_2,C1,1,1,5,1,25,0,0,0,0,0,0,0
clustered_2,C1,1,1,6,0,0,0,0,0,0,0,0,0
clustered_2,C1,1,1,7,7,0,0,0,0,0,0,0,0
clustered_2,C1,1,1,8,0,0,1,0,0,0,0,0,0
clustered_2,C1,1,1,9,7,0,1,0,0,1,0,0,0
clustered_2,C1,1,1,10,0,0,0,0,0,0,0,0,0
clustered_2,C1,1,1,11,0,4,0,0,0,0,0,0,0
clustered_2,C1,1,1,12,0,0,1,0,0,0,0,0,0
clustered_2,C1,1,1,13,2,0,0,0,0,0,0,0,0
clustered_2,C1,1,1,14,0,16,0,0,2,0,0,0,0
clustered_2,C1,1,1,15,3,0,0,0,0,0,0,0,0
clustered_2,C1,1,2,0,7,0,0,0,0,0,0,0,0
clustered_2,C1,1,2,1,0,54,0,0,0,1,0,0,0
clustered_2,C1,1,2,2,1,39,0,0,1,0,1,0,0
clustered_2,C1,1,2,3,16,0,0,0,0,0,0,0,0
clustered_2,C1,1,2,4,1,0,0,4,0,2,0,0,0
clustered_2,C1,1,2,5,1,51,0,0,0,0,0,0,0
clustered_2,C1,1,2,6,0,0,0,0,0,0,0,0,0
clustered_2,C1,1,2,7,22,0,0,0,1,0,0,0,0
clustered_2,C1,1,2,8,0,0,1,0,0,1,0,0,0
clustered_2,C1,1,2,9,14,0,2,0,0,1,0,0,0
clustered_2,C1,1,2,10,2,0,0,0,0,0,0,0,0
clustered_2,C1,1,2,11,0,21,0,0,0,0,0,0,0
clustered_2,C1,1,2,12,5,3,2,0,0,0,0,0,0
clustered_2,C1,1,2,13,6,0,0,0,0,0,0,0,0
clustered_2,C1,1,2,14,0,42,0,0,5,0,0,0,0
clustered_2,C1,1,2,15,9,0,0,3,0,1,0,0,0
clustered_2,C1,1,3,0,12,0,0,0,0,0,0,0,0
clustered_2,C1,1,3,1,0,97,0,0,0,1,0,0,0
clustered_2,C1,1,3,2,5,71,0,0,1,0,1,0,0
clustered_2,C1,1,3,3,36,0,0,0,0,0,0,0,0
clustered_2,C1,1,3,4,1,0,0,5,0,2,0,0,0
clustered_2,C1,1,3,5,2,93,0,0,0,0,0,0,0
clustered_2,C1,1,3,6,0,0,0,0,0,0,0,0,0
clustered_2,C1,1,3,7,34,0,0,0,2,0,0,0,0
clustered_2,C1,1,3,8,5,0,1,0,0,1,0,0,0
clustered_2,C1,1,3,9,30,0,7,0,2,1,0,0,0
clustered_2,C1,1,3,10,7,0,3,0,1,0,0,1,0
clustered_2,C1,1,3,11,0,43,0,0,0,0,0,0,0
clustered_2,C1,1,3,12,6,7,2,0,0,0,0,0,0
clustered_2,C1,1,3,13,7,0,0,1,0,0,0,0,0
clustered_2,C1,1,3,14,0,94,0,0,6,0,0,0,0
clustered_2,C1,1,3,15,13,0,0,3,0,1,0,0,0
clustered_2,C1,1,4,0,17,0,0,0,0,0,0,0,0
clustered_2,C1,1,4,1,0,149,0,0,0,2,0,0,0
clustered_2,C1,1,4,2,9,96,1,0,2,0,1,0,0
clustered_2,C1,1,4,3,57,0,2,1,1,0,0,0,0
clustered_2,C1,1,4,4,1,0,0,6,0,2,0,0,0
clustered_2,C1,1,4,5,6,152,0,0,0,0,1,0,0
clustered_2,C1,1,4,6,0,0,0,0,0,1,0,0,0
clustered_2,C1,1,4,7,51,0,1,0,2,0,0,0,0
clustered_2,C1,1,4,8,6,0,1,0,0,1,0,0,0
clustered_2,C1,1,4,9,56,0,9,0,4,1,0,0,0
clustered_2,C1,1,4,10,17,0,4,0,1,0,0,1,0
clustered_2,C1,1,4,11,0,64,0,0,0,0,1,0,0
clustered_2,C1,1,4,12,8,13,5,0,0,1,0,0,0
clustered_2,C1,1,4,13,14,0,0,1,0,0,0,0,0
clustered_2,C1,1,4,14,0,156,0,0,12,0,0,0,0
clustered_2,C1,1,4,15,20,0,1,3,0,4,1,0,0
clustered_2,C1,1,5,0,28,0,0,0,0,0,0,0,0
clustered_2,C1,1,5,1,4,222,0,2,0,3,0,0,0
clustered_2,C1,1,5,2,16,137,1,0,2,0,1,0,1
clustered_2,C1,1,5,3,89,0,2,1,1,0,0,0,0
clustered_2,C1,1,5,4,1,0,0,6,0,2,0,0,0
clustered_2,C1,1,5,5,8,210,0,0,0,0,1,0,0
clustered_2,C1,1,5,6,0,0,0,0,0,7,0,0,0
clustered_2,C1,1,5,7,77,0,4,0,2,1,0,0,0
clustered_2,C1,1,5,8,14,0,1,0,0,1,0,0,0
clustered_2,C1,1,5,9,79,0,11,0,4,4,0,0,0
clustered_2,C1,1,5,10,22,0,7,0,4,0,0,1,0
clustered_2,C1,1,5,11,0,94,0,0,0,0,1,0,0
clustered_2,C1,1,5,12,12,24,8,0,0,1,0,0,0
clustered_2,C1,1,5,13,17,0,0,1,0,0,0,0,0
clustered_2,C1,1,5,14,0,238,0,0,22,0,0,0,1
clustered_2,C1,1,5,15,24,0,1,6,0,5,2,0,0
clustered_3,C1,2,1,0,0,0,0,0,0,0,0,0,0
clustered_3,C1,2,1,1,0,0,0,0,0,0,0,0,0
clustered_3,C1,2,1,2,0,20,0,0,0,0,0,0,0
clustered_3,C1,2,1,3,4,0,0,0,0,0,0,0,0
clustered_3,C1,2,1,4,0,0,0,0,0,0,0,0,0
clustered_3,C1,2,1,5,3,3,0,0,0,1,0,0,0
clustered_3,C1,2,1,6,0,0,0,0,0,1,0,0,0
clustered_3,C1,2,1,7,0,0,0,0,1,0,0,0,0
clustered_3,C1,2,1,8,3,0,0,0,0,0,0,0,0
clustered_3,C1,2,1,9,0,0,1,0,1,0,0,0,0
clustered_3,C1,2,1,10,0,0,2,0,5,0,0,0,0
clustered_3,C1,2,1,11,0,0,0,0,1,0,0,0,0
clustered_3,C1,2,1,12,0,0,1,0,0,0,0,0,0
clustered_3,C1,2,1,13,5,0,0,0,0,0,0,0,0
clustered_3,C1,2,1,14,0,20,0,0,0,0,0,0,0
clustered_3,C1,2,1,15,2,1,0,0,0,0,0,0,0
clustered_3,C1,2,2,0,0,0,0,0,0,0,0,0,0
clustered_3,C1,2,2,1,0,0,0,0,0,1,0,0,0
clustered_3,C1,2,2,2,0,50,0,0,0,0,1,0,0
clustered_3,C1,2,2,3,9,0,0,0,0,0,0,0,0
clustered_3,C1,2,2,4,0,0,0,0,0,0,0,0,0
clustered_3,C1,2,2,5,7,14,0,1,0,1,0,0,0
clustered_3,C1,2,2,6,0,0,0,1,0,1,0,0,0
clustered_3,C1,2,2,7,0,0,1,0,1,0,0,0,0
clustered_3,C1,2,2,8,6,0,0,0,0,0,0,0,0
clustered_3,C1,2,2,9,0,1,2,0,1,0,0,0,0
clustered_3,C1,2,2,10,0,0,3,0,8,0,0,0,0
clustered_3,C1,2,2,11,0,4,0,0,1,0,0,0,0
clustered_3,C1,2,2,12,0,0,3,0,0,0,0,0,0
clustered_3,C1,2,2,13,9,0,0,0,0,0,0,0,0
clustered_3,C1,2,2,14,0,57,0,0,1,0,0,0,0
clustered_3,C1,2,2,15,4,2,0,0,0,0,0,0,0
clustered_3,C1,2,3,0,0,0,0,0,0,0,0,0,0
clustered_3,C1,2,3,1,0,0,0,0,0,1,0,0,0
clustered_3,C1,2,3,2,0,88,0,0,0,0,1,0,0
clustered_3,C1,2,3,3,15,0,0,3,0,0,0,0,0
clustered_3,C1,2,3,4,0,0,0,0,0,0,0,0,0
clustered_3,C1,2,3,5,11,33,0,1,0,1,1,0,0
clustered_3,C1,2,3,6,2,0,0,2,0,1,0,0,0
clustered_3,C1,2,3,7,0,0,9,0,1,0,0,0,0
clustered_3,C1,2,3,8,15,0,0,0,0,5,0,0,0
clustered_3,C1,2,3,9,0,6,6,0,1,0,0,0,0
clustered_3,C1,2,3,10,0,0,5,0,11,0,0,0,0
clustered_3,C1,2,3,11,0,8,0,0,1,0,0,0,0
clustered_3,C1,2,3,12,0,0,4,0,0,0,0,0,0
clustered_3,C1,2,3,13,14,0,0,0,0,1,0,0,0
clustered_3,C1,2,3,14,0,114,0,0,3,0,0,2,0
clustered_3,C1,2,3,15,10,5,0,0,0,2,0,0,0
clustered_3,C1,2,4,0,0,0,0,0,0,0,0,0,0
clustered_3,C1,2,4,1,0,0,0,0,0,2,0,0,0
clustered_3,C1,2,4,2,0,129,0,0,0,0,1,0,0
clustered_3,C1,2,4,3,33,0,0,4,0,0,0,0,0
clustered_3,C1,2,4,4,0,0,0,0,0,0,0,0,0
clustered_3,C1,2,4,5,19,55,0,1,0,1,1,0,0
clustered_3,C1,2,4,6,5,0,0,7,0,3,0,0,0
clustered_3,C1,2,4,7,0,1,12,0,3,0,0,0,0
clustered_3,C1,2,4,8,23,0,0,0,0,5,0,0,0
clustered_3,C1,2,4,9,0,23,11,0,1,0,0,0,0
clustered_3,C1,2,4,10,0,0,5,0,14,0,0,0,0
clustered_3,C1,2,4,11,0,9,0,0,2,0,1,0,0
clustered_3,C1,2,4,12,0,1,6,0,0,0,0,0,0
clustered_3,C1,2,4,13,19,0,0,0,0,2,0,0,0
clustered_3,C1,2,4,14,0,183,0,0,3,0,0,2,0
clustered_3,C1,2,4,15,17,15,0,0,0,3,0,0,0
clustered_3,C1,2,5,0,0,0,0,0,0,0,0,0,0
clustered_3,C1,2,5,1,0,0,0,0,0,2,0,0,0
clustered_3,C1,2,5,2,0,171,0,0,0,0,1,0,0
clustered_3,C1,2,5,3,43,0,1,5,0,0,0,0,0
clustered_3,C1,2,5,4,0,0,0,1,0,1,0,0,0
clustered_3,C1,2,5,5,25,95,0,3,0,3,2,0,0
clustered_3,C1,2,5,6,7,0,0,15,0,4,0,0,0
clustered_3,C1,2,5,7,0,2,21,0,3,1,0,0,0
clustered_3,C1,2,5,8,32,0,0,0,0,5,0,0,0
clustered_3,C1,2,5,9,0,45,15,0,1,0,1,0,0
clustered_3,C1,2,5,10,0,1,5,0,21,0,0,0,0
clustered_3,C1,2,5,11,0,27,0,0,3,0,2,0,1
clustered_3,C1,2,5,12,4,7,7,0,0,0,0,0,0
clustered_3,C1,2,5,13,26,0,0,0,0,4,0,0,0
clustered_3,C1,2,5,14,0,287,0,0,7,0,0,2,0
clustered_3,C1,2,5,15,19,40,0,0,0,10,0,0,0
clustered_4,C1,3,1,0,0,0,0,0,0,0,0,0,0
clustered_4,C1,3,1,1,0,0,0,0,0,0,0,0,0
clustered_4,C1,3,1,2,2,0,0,1,0,0,0,0,0
clustered_4,C1,3,1,3,0,0,0,0,0,0,0,0,0
clustered_4,C1,3,1,4,0,0,0,0,0,0,0,0,0
clustered_4,C1,3,1,5,0,20,0,0,0,0,1,0,2
clustered_4,C1,3,1,6,0,0,0,0,0,0,0,0,0
clustered_4,C1,3,1,7,0,0,3,0,0,1,0,0,0
clustered_4,C1,3,1,8,0,0,0,0,0,0,0,0,0
clustered_4,C1,3,1,9,0,0,0,0,0,0,0,0,0
clustered_4,C1,3,1,10,3,0,0,0,0,0,0,0,0
clustered_4,C1,3,1,11,0,5,0,0,0,0,0,0,0
clustered_4,C1,3,1,12,1,0,0,1,0,0,0,0,0
clustered_4,C1,3,1,13,3,0,0,0,0,0,0,0,0
clustered_4,C1,3,1,14,0,33,0,0,0,0,0,0,0
clustered_4,C1,3,1,15,0,10,0,0,0,0,0,0,0
clustered_4,C1,3,2,0,0,0,0,0,0,0,0,0,0
clustered_4,C1,3,2,1,0,0,0,0,0,0,0,0,0
clustered_4,C1,3,2,2,7,0,0,1,1,0,0,0,0
clustered_4,C1,3,2,3,0,0,0,1,0,0,0,0,0
clustered_4,C1,3,2,4,0,0,0,0,0,2,0,0,0
clustered_4,C1,3,2,5,0,41,0,0,0,0,1,0,2
clustered_4,C1,3,2,6,0,0,0,0,0,0,0,0,0
clustered_4,C1,3,2,7,0,0,3,1,0,1,0,0,0
clustered_4,C1,3,2,8,1,0,0,0,0,0,0,0,0
clustered_4,C1,3,2,9,0,0,4,1,1,0,0,0,0
clustered_4,C1,3,2,10,4,0,0,0,0,0,0,0,0
clustered_4,C1,3,2,11,0,17,0,0,0,0,0,0,1
clustered_4,C1,3,2,12,2,0,0,1,0,0,0,0,0
clustered_4,C1,3,2,13,11,0,0,2,0,1,1,0,0
clustered_4,C1,3,2,14,0,76,0,0,1,0,0,1,0
clustered_4,C1,3,2,15,0,39,0,0,0,0,0,0,0
clustered_4,C1,3,3,0,0,0,0,0,0,0,0,0,0
clustered_4,C1,3,3,1,0,0,0,0,0,1,0,0,0
clustered_4,C1,3,3,2,9,0,0,1,1,0,1,0,0
clustered_4,C1,3,3,3,0,0,1,1,0,0,0,0,0
clustered_4,C1,3,3,4,0,0,0,0,0,2,0,0,0
clustered_4,C1,3,3,5,0,76,0,0,0,0,2,0,2
clustered_4,C1,3,3,6,0,0,0,0,0,0,0,0,0
clustered_4,C1,3,3,7,0,0,5,1,0,1,0,0,0
clustered_4,C1,3,3,8,1,0,0,0,0,0,0,0,0
clustered_4,C1,3,3,9,0,0,6,1,5,0,0,0,0
clustered_4,C1,3,3,10,7,0,0,1,5,0,0,0,0
clustered_4,C1,3,3,11,0,30,0,0,0,0,0,0,1
clustered_4,C1,3,3,12,3,0,0,3,0,1,0,0,0
clustered_4,C1,3,3,13,20,0,0,2,0,2,1,0,0
clustered_4,C1,3,3,14,0,146,0,0,5,1,0,1,0
clustered_4,C1,3,3,15,0,91,0,0,0,0,0,0,0
clustered_4,C1,3,4,0,0,0,0,0,0,0,0,0,0
clustered_4,C1,3,4,1,0,0,0,0,0,2,0,0,0
clustered_4,C1,3,4,2,10,0,0,1,2,2,1,0,0
clustered_4,C1,3,4,3,0,0,2,1,0,0,0,0,0
clustered_4,C1,3,4,4,0,0,0,0,0,3,0,0,0
clustered_4,C1,3,4,5,1,99,0,0,0,0,3,0,2
clustered_4,C1,3,4,6,0,0,0,0,0,0,0,0,0
clustered_4,C1,3,4,7,0,0,7,1,0,1,0,0,0
clustered_4,C1,3,4,8,3,0,0,0,0,0,0,0,0
clustered_4,C1,3,4,9,0,0,10,1,9,0,0,0,0
clustered_4,C1,3,4,10,16,0,1,1,9,0,0,0,0
clustered_4,C1,3,4,11,0,47,0,0,0,0,0,0,1
clustered_4,C1,3,4,12,6,1,0,5,0,2,0,0,0
clustered_4,C1,3,4,13,33,0,0,3,0,3,1,0,0
clustered_4,C1,3,4,14,0,225,0,0,7,1,0,1,0
clustered_4,C1,3,4,15,1,119,0,0,0,0,0,0,0
clustered_4,C1,3,5,0,0,0,0,0,2,0,0,0,0
clustered_4,C1,3,5,1,0,0,0,0,0,3,0,0,0
clustered_4,C1,3,5,2,14,0,0,1,5,3,1,0,0
clustered_4,C1,3,5,3,0,0,4,1,0,0,0,0,0
clustered_4,C1,3,5,4,0,0,0,0,0,4,0,0,0
clustered_4,C1,3,5,5,1,141,0,0,0,0,5,0,3
clustered_4,C1,3,5,6,0,0,0,0,0,1,0,0,0
clustered_4,C1,3,5,7,0,6,11,1,0,1,0,0,0
clustered_4,C1,3,5,8,7,0,0,0,0,0,0,0,0
clustered_4,C1,3,5,9,0,0,16,1,12,1,1,1,0
clustered_4,C1,3,5,10,21,0,1,1,15,0,0,0,0
clustered_4,C1,3,5,11,0,80,0,0,0,0,1,0,1
clustered_4,C1,3,5,12,11,5,2,8,0,3,1,0,4
clustered_4,C1,3,5,13,41,0,0,4,0,5,1,0,0
clustered_4,C1,3,5,14,0,316,0,0,13,1,0,1,0
clustered_4,C1,3,5,15,1,161,0,0,0,0,0,0,0
clustered_5,C1,4,1,0,0,0,3,0,0,0,0,0,0
clustered_5,C1,4,1,1,0,0,0,0,0,0,0,0,0
clustered_5,C1,4,1,2,0,0,0,0,0,0,0,0,0
clustered_5,C1,4,1,3,0,0,0,0,0,1,0,0,0
clustered_5,C1,4,1,4,3,0,0,2,0,0,0,0,0
clustered_5,C1,4,1,5,0,0,0,0,0,0,0,0,0
clustered_5,C1,4,1,6,0,0,0,0,0,0,0,0,0
clustered_5,C1,4,1,7,0,15,0,0,1,0,0,0,0
clustered_5,C1,4,1,8,0,0,0,0,0,0,0,0,0
clustered_5,C1,4,1,9,9,0,0,0,0,0,0,0,0
clustered_5,C1,4,1,10,1,0,0,0,0,0,0,0,0
clustered_5,C1,4,1,11,14,0,1,0,0,0,0,0,0
clustered_5,C1,4,1,12,18,0,0,3,0,0,0,0,0
clustered_5,C1,4,1,13,0,0,0,0,0,0,0,0,0
clustered_5,C1,4,1,14,0,0,0,0,0,0,0,0,0
clustered_5,C1,4,1,15,1,0,0,0,0,0,0,0,0
clustered_5,C1,4,2,0,0,0,5,0,0,0,0,0,0
clustered_5,C1,4,2,1,0,0,0,0,0,0,0,0,0
clustered_5,C1,4,2,2,0,0,0,0,0,0,0,0,0
clustered_5,C1,4,2,3,3,0,0,3,0,2,0,0,0
clustered_5,C1,4,2,4,7,0,1,7,0,0,0,0,0
clustered_5,C1,4,2,5,0,0,0,0,0,1,0,0,0
clustered_5,C1,4,2,6,0,0,0,0,0,0,0,0,0
clustered_5,C1,4,2,7,0,38,0,0,1,0,0,0,0
clustered_5,C1,4,2,8,0,0,0,0,0,1,0,0,0
clustered_5,C1,4,2,9,17,0,1,0,0,0,0,0,0
clustered_5,C1,4,2,10,2,0,9,0,0,0,0,0,0
clustered_5,C1,4,2,11,28,0,2,0,0,0,1,0,0
clustered_5,C1,4,2,12,44,0,0,3,0,1,0,0,0
clustered_5,C1,4,2,13,1,0,0,0,0,0,0,0,0
clustered_5,C1,4,2,14,0,0,0,0,0,0,0,0,0
clustered_5,C1,4,2,15,3,0,0,0,0,1,0,0,0
clustered_5,C1,4,3,0,0,0,8,0,0,1,0,0,0
clustered_5,C1,4,3,1,1,0,0,0,0,0,0,0,0
clustered_5,C1,4,3,2,0,0,0,0,0,0,0,0,0
clustered_5,C1,4,3,3,3,0,0,3,0,2,0,0,0
clustered_5,C1,4,3,4,9,0,1,9,0,0,0,0,0
clustered_5,C1,4,3,5,0,0,0,0,0,1,0,0,0
clustered_5,C1,4,3,6,2,0,0,0,0,0,0,0,0
clustered_5,C1,4,3,7,0,69,0,0,2,0,1,0,0
clustered_5,C1,4,3,8,1,0,0,0,0,1,0,0,0
clustered_5,C1,4,3,9,23,0,1,1,0,1,0,0,0
clustered_5,C1,4,3,10,2,0,19,0,0,0,1,0,0
clustered_5,C1,4,3,11,45,0,4,0,0,0,1,0,0
clustered_5,C1,4,3,12,79,0,0,4,0,1,0,0,0
clustered_5,C1,4,3,13,6,0,0,0,0,0,0,0,0
clustered_5,C1,4,3,14,0,0,0,0,0,0,0,0,0
clustered_5,C1,4,3,15,4,0,0,0,0,1,0,0,0
clustered_5,C1,4,4,0,0,0,13,0,0,1,0,0,0
clustered_5,C1,4,4,1,3,0,0,0,0,0,0,0,0
clustered_5,C1,4,4,2,0,0,0,0,0,1,0,0,0
clustered_5,C1,4,4,3,5,0,0,3,0,3,0,0,0
clustered_5,C1,4,4,4,10,0,1,9,0,0,0,0,0
clustered_5,C1,4,4,5,0,0,0,0,0,2,0,0,0
clustered_5,C1,4,4,6,5,0,0,0,0,0,0,0,0
clustered_5,C1,4,4,7,0,116,0,0,2,0,1,0,0
clustered_5,C1,4,4,8,1,0,0,0,0,5,0,0,0
clustered_5,C1,4,4,9,54,0,3,2,0,2,0,1,0
clustered_5,C1,4,4,10,2,0,23,1,0,0,1,0,0
clustered_5,C1,4,4,11,77,0,4,0,0,0,1,0,0
clustered_5,C1,4,4,12,121,0,0,6,0,1,0,0,0
clustered_5,C1,4,4,13,15,0,0,0,0,0,0,0,0
clustered_5,C1,4,4,14,0,0,0,0,0,0,0,0,0
clustered_5,C1,4,4,15,5,0,0,0,0,1,0,0,0
clustered_5,C1,4,5,0,0,0,18,0,0,1,0,0,0
clustered_5,C1,4,5,1,4,0,0,0,0,0,0,0,0
clustered_5,C1,4,5,2,1,0,0,0,0,1,0,0,0
clustered_5,C1,4,5,3,7,0,2,3,0,5,0,0,0
clustered_5,C1,4,5,4,15,0,1,10,0,1,0,0,0
clustered_5,C1,4,5,5,0,0,0,0,0,3,0,0,0
clustered_5,C1,4,5,6,9,0,0,0,0,0,0,0,0
clustered_5,C1,4,5,7,0,161,0,0,2,0,2,0,0
clustered_5,C1,4,5,8,1,0,0,0,0,6,0,0,0
clustered_5,C1,4,5,9,71,0,6,3,0,2,0,1,0
clustered_5,C1,4,5,10,2,0,33,1,0,0,1,0,0
clustered_5,C1,4,5,11,113,0,4,0,0,0,2,0,0
clustered_5,C1,4,5,12,163,0,0,12,0,1,0,0,0
clustered_5,C1,4,5,13,22,0,0,0,0,0,0,0,0
clustered_5,C1,4,5,14,0,0,0,0,0,0,0,0,0
clustered_5,C1,4,5,15,5,0,0,0,0,3,0,0,0
clustered_6,C1,5,1,0,0,0,0,0,0,1,0,0,0
clustered_6,C1,5,1,1,0,0,0,1,0,2,0,0,0
clustered_6,C1,5,1,2,2,0,0,0,0,0,0,0,0
clustered_6,C1,5,1,3,6,0,0,0,0,0,0,0,0
clustered_6,C1,5,1,4,6,0,0,0,0,0,0,0,0
clustered_6,C1,5,1,5,0,0,0,0,0,0,1,0,0
clustered_6,C1,5,1,6,0,0,0,0,0,0,0,0,0
clustered_6,C1,5,1,7,0,0,0,0,0,0,0,0,0
clustered_6,C1,5,1,8,14,0,0,0,0,0,0,0,0
clustered_6,C1,5,1,9,0,0,0,0,0,0,0,0,0
clustered_6,C1,5,1,10,0,0,4,0,0,0,0,0,0
clustered_6,C1,5,1,11,0,0,0,0,4,0,0,0,0
clustered_6,C1,5,1,12,0,0,0,0,0,0,0,0,0
clustered_6,C1,5,1,13,2,0,0,0,0,0,0,0,0
clustered_6,C1,5,1,14,0,0,0,0,0,0,0,1,0
clustered_6,C1,5,1,15,0,0,0,0,0,0,0,0,0
clustered_6,C1,5,2,0,0,0,0,0,0,2,0,0,0
clustered_6,C1,5,2,1,1,0,0,3,0,2,0,0,0
clustered_6,C1,5,2,2,10,0,0,3,0,0,0,0,0
clustered_6,C1,5,2,3,11,0,0,0,0,0,0,0,0
clustered_6,C1,5,2,4,21,0,0,0,0,0,1,0,0
clustered_6,C1,5,2,5,0,0,0,0,0,0,1,0,0
clustered_6,C1,5,2,6,2,0,0,0,0,0,0,0,0
clustered_6,C1,5,2,7,0,0,3,0,0,0,0,0,0
clustered_6,C1,5,2,8,23,0,0,0,0,0,0,0,0
clustered_6,C1,5,2,9,0,0,0,0,0,0,0,0,0
clustered_6,C1,5,2,10,0,0,6,0,0,0,0,0,0
clustered_6,C1,5,2,11,0,0,0,0,9,0,0,0,0
clustered_6,C1,5,2,12,0,0,1,0,0,0,1,0,0
clustered_6,C1,5,2,13,8,0,0,0,0,0,0,0,1
clustered_6,C1,5,2,14,0,0,0,0,0,0,0,1,0
clustered_6,C1,5,2,15,0,0,0,0,0,0,1,0,0
clustered_6,C1,5,3,0,1,0,0,0,0,6,0,0,0
clustered_6,C1,5,3,1,2,0,0,10,0,3,0,0,0
clustered_6,C1,5,3,2,21,0,0,3,0,1,0,0,0
clustered_6,C1,5,3,3,22,0,0,0,0,0,1,0,0
clustered_6,C1,5,3,4,37,0,0,0,0,0,1,0,0
clustered_6,C1,5,3,5,0,0,2,0,0,0,2,0,0
clustered_6,C1,5,3,6,6,0,0,0,0,0,0,0,0
clustered_6,C1,5,3,7,1,0,3,0,0,0,0,0,0
clustered_6,C1,5,3,8,34,0,0,0,0,0,0,0,0
clustered_6,C1,5,3,9,0,0,0,0,0,0,0,0,0
clustered_6,C1,5,3,10,0,0,8,0,0,0,0,0,0
clustered_6,C1,5,3,11,0,0,0,0,15,0,1,0,0
clustered_6,C1,5,3,12,0,0,2,0,0,0,1,0,0
clustered_6,C1,5,3,13,14,0,0,0,1,0,0,0,2
clustered_6,C1,5,3,14,0,0,0,0,0,0,0,1,0
clustered_6,C1,5,3,15,0,0,0,0,0,0,6,0,0
clustered_6,C1,5,4,0,1,0,0,0,0,11,0,1,0
clustered_6,C1,5,4,1,2,0,0,29,0,8,0,0,0
clustered_6,C1,5,4,2,26,0,0,4,0,1,0,0,0
clustered_6,C1,5,4,3,37,0,0,0,0,2,2,0,0
clustered_6,C1,5,4,4,66,0,1,0,0,0,1,0,0
clustered_6,C1,5,4,5,0,0,2,0,0,0,5,0,0
clustered_6,C1,5,4,6,12,0,0,0,0,0,0,0,0
clustered_6,C1,5,4,7,5,0,4,0,0,0,0,0,0
clustered_6,C1,5,4,8,56,0,0,0,0,0,0,0,0
clustered_6,C1,5,4,9,0,0,0,0,0,0,0,0,0
clustered_6,C1,5,4,10,0,0,17,0,0,0,0,1,0
clustered_6,C1,5,4,11,0,0,0,0,23,1,3,0,0
clustered_6,C1,5,4,12,0,0,2,0,0,0,1,0,0
clustered_6,C1,5,4,13,18,0,0,0,2,0,0,0,2
clustered_6,C1,5,4,14,0,0,0,0,0,0,0,1,0
clustered_6,C1,5,4,15,1,0,0,1,0,0,6,0,0
clustered_6,C1,5,5,0,2,0,0,0,0,15,0,1,0
clustered_6,C1,5,5,1,7,0,0,31,0,12,0,0,0
clustered_6,C1,5,5,2,41,0,0,6,0,2,0,0,0
clustered_6,C1,5,5,3,74,0,0,0,0,4,2,0,0
clustered_6,C1,5,5,4,93,0,1,0,0,0,1,0,0
clustered_6,C1,5,5,5,0,0,2,0,0,0,12,0,0
clustered_6,C1,5,5,6,18,0,0,0,0,0,0,0,0
clustered_6,C1,5,5,7,9,0,4,0,0,1,0,1,0
clustered_6,C1,5,5,8,85,0,0,0,1,0,0,0,0
clustered_6,C1,5,5,9,0,0,3,0,0,0,0,1,0
clustered_6,C1,5,5,10,0,0,26,0,0,0,0,1,0
clustered_6,C1,5,5,11,0,0,0,0,36,2,5,0,0
clustered_6,C1,5,5,12,0,0,2,0,0,0,2,0,0
clustered_6,C1,5,5,13,31,0,0,0,2,0,1,1,5
clustered_6,C1,5,5,14,0,0,0,0,0,0,0,1,0
clustered_6,C1,5,5,15,3,0,0,2,0,0,7,0,0
