filename,type_id,r,0,1,2,3,4,5,6,7,8
random_1,0,1,0.0,0.0,0.0,0.0,0.0,0.0,0.0,0.0,0.0
random_1,1,1,0.0,0.0,0.0,0.0,0.0,0.0,0.0,0.0,0.0
random_1,2,1,0.0,0.0,0.0,0.0,0.0,0.0,0.0,0.0,0.0
random_1,3,1,0.0,0.0,0.0,0.0,0.0,0.0,0.0,0.0,0.0
random_1,4,1,0.0,0.0,0.0,0.0,0.0,0.0,0.0,0.0,0.0
random_1,5,1,0.0,0.0,0.0,0.0,0.0,0.0,0.0,0.0,0.0
random_1,6,1,0.0,0.0,0.0,0.0,0.0,0.0,0.0,0.0,0.0
random_1,7,1,0.0,0.0,0.0,0.0,0.0,0.0,0.0,0.0,0.0
random_1,8,1,0.0,0.0,0.0,0.0,0.0,0.0,0.0,0.0,0.0
random_1,0,2,0.0,0.0,0.0,0.0,0.0,0.0,0.0,0.0,0.0
random_1,1,2,0.0,0.0,0.0,0.0,0.0,0.0,0.0,0.0,0.0
random_1,2,2,0.0,0.0,0.0,0.0,0.0,0.0,0.0,0.0,0.0
random_1,3,2,0.0,0.0,0.0,0.0,0.0,0.0,0.0,0.0,0.0
random_1,4,2,0.0,0.0,0.0,0.0,0.0,0.0,0.0,0.0,0.0
random_1,5,2,0.0,0.0,0.0,0.0,0.0,0.0,0.0,0.0,0.0
random_1,6,2,0.0,0.0,0.0,0.0,0.0,0.0,0.0,0.0,0.0
random_1,7,2,0.0,0.0,0.0,0.0,0.0,0.0,0.0,0.0,0.0
random_1,8,2,0.0,0.0,0.0,0.0,0.0,0.0,0.0,0.0,0.0
random_1,0,3,0.0,0.0,0.0,0.0,0.0,0.0,0.0,0.0,0.0
random_1,1,3,0.0,0.0,0.0,0.0,0.0,0.0,0.0,0.0,0.0
random_1,2,3,0.0,0.0,0.0,0.0,0.0,0.0,0.0,0.0,0.0
random_1,3,3,0.0,0.0,0.0,0.0,0.0,0.0,0.0,0.0,0.0
random_1,4,3,0.0,0.0,0.0,0.0,0.0,0.0,0.0,0.0,0.0
random_1,5,3,0.0,0.0,0.0,0.0,0.0,0.0,0.0,0.0,0.0
random_1,6,3,0.0,0.0,0.0,0.0,0.0,0.0,0.0,0.0,0.0
random_1,7,3,0.0,0.0,0.0,0.0,0.0,0.0,0.0,0.0,0.0
random_1,8,3,0.0,0.0,0.0,0.0,0.0,0.0,0.0,0.0,0.0
random_1,0,4,0.0,0.0,0.0,0.0,0.0,0.0,0.0,0.0,0.0
random_1,1,4,0.0,0.0,0.0,0.0,0.0,0.0,0.0,0.0,0.0
random_1,2,4,0.0,0.0,0.0,0.0,0.0,0.0,0.0,0.0,0.0
random_1,3,4,0.0,0.0,0.0,0.0,0.0,0.0,0.0,0.0,0.0
random_1,4,4,0.0,0.0,0.0,0.0,0.0,0.0,0.0,0.0,0.0
random_1,5,4,0.0,0.0,0.0,0.0,0.0,0.0,0.0,0.0,0.0
random_1,6,4,0.0,0.0,0.0,0.0,0.0,0.0,0.0,0.0,0.0
random_1,7,4,0.0,0.0,0.0,0.0,0.0,0.0,0.0,0.0,0.0
random_1,8,4,0.0,0.0,0.0,0.0,0.0,0.0,0.0,0.0,0.0
random_1,0,5,0.0,0.0,0.0,0.0,0.0,0.0,0.0,0.0,0.0
random_1,1,5,0.0,0.0,0.0,0.0,0.0,0.0,0.0,0.0,0.0
random_1,2,5,0.0,0.0,0.0,0.0,0.0,0.0,0.0,0.0,0.0
random_1,3,5,0.0,0.0,0.0,0.0,0.0,0.0,0.0,0.0,0.0
random_1,4,5,0.0,0.0,0.0,0.0,0.0,0.0,0.0,0.0,0.0
random_1,5,5,0.0,0.0,0.0,0.0,0.0,0.0,0.0,0.0,0.0
random_1,6,5,0.0,0.0,0.0,0.0,0.0,0.0,0.0,0.0,0.0
random_1,7,5,0.0,0.0,0.0,0.0,0.0,0.0,0.0,0.0,0.0
random_1,8,5,0.0,0.0,0.0,0.0,0.0,0.0,0.0,0.0,0.0
random_2,0,1,0.0,0.0,0.0,0.0,0.0,0.0,0.0,0.0,0.0
random_2,1,1,0.0,0.0,0.0,0.0,0.0,0.0,0.0,0.0,0.0
random_2,2,1,0.0,0.0,0.0,0.0,0.0,0.0,0.0,0.0,0.0
random_2,3,1,0.0,0.0,0.0,0.0,0.0,0.0,0.0,0.0,0.0
random_2,4,1,0.0,0.0,0.0,0.0,0.0,0.0,0.0,0.0,0.0
random_2,5,1,0.0,0.0,0.0,0.0,0.0,0.0,0.0,0.0,0.0
random_2,6,1,0.0,0.0,0.0,0.0,0.0,0.0,0.0,0.0,0.0
random_2,7,1,0.0,0.0,0.0,0.0,0.0,0.0,0.0,0.0,0.0
random_2,8,1,0.0,0.0,0.0,0.0,0.0,0.0,0.0,0.0,0.0
random_2,0,2,0.0,0.0,0.0,0.0,0.0,0.0,0.0,0.0,0.0
random_2,1,2,0.0,0.0,0.0,0.0,0.0,0.0,0.0,0.0,0.0
random_2,2,2,0.0,0.0,0.0,0.0,0.0,0.0,0.0,0.0,0.0
random_2,3,2,0.0,0.0,0.0,0.0,0.0,0.0,0.0,0.0,0.0
random_2,4,2,0.0,0.0,0.0,0.0,0.0,0.0,0.0,0.0,0.0
random_2,5,2,0.0,0.0,0.0,0.0,0.0,0.0,0.0,0.0,0.0
random_2,6,2,0.0,0.0,0.0,0.0,0.0,0.0,0.0,0.0,0.0
random_2,7,2,0.0,0.0,0.0,0.0,0.0,0.0,0.0,0.0,0.0
random_2,8,2,0.0,0.0,0.0,0.0,0.0,0.0,0.0,0.0,0.0
random_2,0,3,0.0,0.0,0.0,0.0,0.0,0.0,0.0,0.0,0.0
random_2,1,3,0.0,0.0,0.0,0.0,0.0,0.0,0.0,0.0,0.0
random_2,2,3,0.0,0.0,0.0,0.0,0.0,0.0,0.0,0.0,0.0
random_2,3,3,0.0,0.0,0.0,0.0,0.0,0.0,0.0,0.0,0.0
random_2,4,3,0.0,0.0,0.0,0.0,0.0,0.0,0.0,0.0,0.0
random_2,5,3,0.0,0.0,0.0,0.0,0.0,0.0,0.0,0.0,0.0
random_2,6,3,0.0,0.0,0.0,0.0,0.0,0.0,0.0,0.0,0.0
random_2,7,3,0.0,0.0,0.0,0.0,0.0,0.0,0.0,0.0,0.0
random_2,8,3,0.0,0.0,0.0,0.0,0.0,0.0,0.0,0.0,0.0
random_2,0,4,0.0,0.0,0.0,0.0,0.0,0.0,0.0,0.0,0.0
random_2,1,4,0.0,0.0,0.0,0.0,0.0,0.0,0.0,0.0,0.0
random_2,2,4,0.0,0.0,0.0,0.0,0.0,0.0,0.0,0.0,0.0
random_2,3,4,0.0,0.0,0.0,0.0,0.0,0.0,0.0,0.0,0.0
random_2,4,4,0.0,0.0,0.0,0.0,0.0,0.0,0.0,0.0,0.0
random_2,5,4,0.0,0.0,0.0,0.0,0.0,0.0,0.0,0.0,0.0
random_2,6,4,0.0,0.0,0.0,0.0,0.0,0.0,0.0,0.0,0.0
random_2,7,4,0.0,0.0,0.0,0.0,0.0,0.0,0.0,0.0,0.0
random_2,8,4,0.0,0.0,0.0,0.0,0.0,0.0,0.0,0.0,0.0
random_2,0,5,0.0,0.0,0.0,0.0,0.0,0.0,0.0,0.0,0.0
random_2,1,5,0.0,0.0,0.0,0.0,0.0,0.0,0.0,0.0,0.0
random_2,2,5,0.0,0.0,0.0,0.0,0.0,0.0,0.0,0.0,0.0
random_2,3,5,0.0,0.0,0.0,0.0,0.0,0.0,0.0,0.0,0.0
random_2,4,5,0.0,0.0,0.0,0.0,0.0,0.0,0.0,0.0,0.0
random_2,5,5,0.0,0.0,0.0,0.0,0.0,0.0,0.0,0.0,0.0
random_2,6,5,0.0,0.0,0.0,0.0,0.0,0.0,0.0,0.0,0.0
random_2,7,5,0.0,0.0,0.0,0.0,0.0,0.0,0.0,0.0,0.0
random_2,8,5,0.0,0.0,0.0,0.0,0.0,0.0,0.0,0.0,0.0
random_3,0,1,0.0,0.0,0.0,0.0,0.0,0.0,0.0,0.0,0.0
random_3,1,1,0.0,0.0,0.0,0.0,0.0,0.0,0.0,0.0,0.0
random_3,2,1,0.0,0.0,0.0,0.0,0.0,0.0,0.0,0.0,0.0
random_3,3,1,0.0,0.0,0.0,0.0,0.0,0.0,0.0,0.0,0.0
random_3,4,1,0.0,0.0,0.0,0.0,0.0,0.0,0.0,0.0,0.0
random_3,5,1,0.0,0.0,0.0,0.0,0.0,0.0,0.0,0.0,0.0
random_3,6,1,0.0,0.0,0.0,0.0,0.0,0.0,0.0,0.0,0.0
random_3,7,1,0.0,0.0,0.0,0.0,0.0,0.0,0.0,0.0,0.0
random_3,8,1,0.0,0.0,0.0,0.0,0.0,0.0,0.0,0.0,0.0
random_3,0,2,0.0,0.0,0.0,0.0,0.0,0.0,0.0,0.0,0.0
random_3,1,2,0.0,0.0,0.0,0.0,0.0,0.0,0.0,0.0,0.0
random_3,2,2,0.0,0.0,0.0,0.0,0.0,0.0,0.0,0.0,0.0
random_3,3,2,0.0,0.0,0.0,0.0,0.0,0.0,0.0,0.0,0.0
random_3,4,2,0.0,0.0,0.0,0.0,0.0,0.0,0.0,0.0,0.0
random_3,5,2,0.0,0.0,0.0,0.0,0.0,0.0,0.0,0.0,0.0
random_3,6,2,0.0,0.0,0.0,0.0,0.0,0.0,0.0,0.0,0.0
random_3,7,2,0.0,0.0,0.0,0.0,0.0,0.0,0.0,0.0,0.0
random_3,8,2,0.0,0.0,0.0,0.0,0.0,0.0,0.0,0.0,0.0
random_3,0,3,0.0,0.0,0.0,0.0,0.0,0.0,0.0,0.0,0.0
random_3,1,3,0.0,0.0,0.0,0.0,0.0,0.0,0.0,0.0,0.0
random_3,2,3,0.0,0.0,0.0,0.0,0.0,0.0,0.0,0.0,0.0
random_3,3,3,0.0,0.0,0.0,0.0,0.0,0.0,0.0,0.0,0.0
random_3,4,3,0.0,0.0,0.0,0.0,0.0,0.0,0.0,0.0,0.0
random_3,5,3,0.0,0.0,0.0,0.0,0.0,0.0,0.0,0.0,0.0
random_3,6,3,0.0,0.0,0.0,0.0,0.0,0.0,0.0,0.0,0.0
random_3,7,3,0.0,0.0,0.0,0.0,0.0,0.0,0.0,0.0,0.0
random_3,8,3,0.0,0.0,0.0,0.0,0.0,0.0,0.0,0.0,0.0
random_3,0,4,0.0,0.0,0.0,0.0,0.0,0.0,0.0,0.0,0.0
random_3,1,4,0.0,0.0,0.0,0.0,0.0,0.0,0.0,0.0,0.0
random_3,2,4,0.0,0.0,0.0,0.0,0.0,0.0,0.0,0.0,0.0
random_3,3,4,0.0,0.0,0.0,0.0,0.0,0.0,0.0,0.0,0.0
random_3,4,4,0.0,0.0,0.0,0.0,0.0,0.0,0.0,0.0,0.0
random_3,5,4,0.0,0.0,0.0,0.0,0.0,0.0,0.0,0.0,0.0
random_3,6,4,0.0,0.0,0.0,0.0,0.0,0.0,0.0,0.0,0.0
random_3,7,4,0.0,0.0,0.0,0.0,0.0,0.0,0.0,0.0,0.0
random_3,8,4,0.0,0.0,0.0,0.0,0.0,0.0,0.0,0.0,0.0
random_3,0,5,0.0,0.0,0.0,0.0,0.0,0.0,0.0,0.0,0.0
random_3,1,5,0.0,0.0,0.0,0.0,0.0,0.0,0.0,0.0,0.0
random_3,2,5,0.0,0.0,0.0,0.0,0.0,0.0,0.0,0.0,0.0
random_3,3,5,0.0,0.0,0.0,0.0,0.0,0.0,0.0,0.0,0.0
random_3,4,5,0.0,0.0,0.0,0.0,0.0,0.0,0.0,0.0,0.0
random_3,5,5,0.0,0.0,0.0,0.0,0.0,0.0,0.0,0.0,0.0
random_3,6,5,0.0,0.0,0.0,0.0,0.0,0.0,0.0,0.0,0.0
random_3,7,5,0.0,0.0,0.0,0.0,0.0,0.0,0.0,0.0,0.0
random_3,8,5,0.0,0.0,0.0,0.0,0.0,0.0,0.0,0.0,0.0
random_4,0,1,0.0,0.0,0.0,0.0,0.0,0.0,0.0,0.0,0.0
random_4,1,1,0.0,0.0,0.0,0.0,0.0,0.0,0.0,0.0,0.0
random_4,2,1,0.0,0.0,0.0,0.0,0.0,0.0,0.0,0.0,0.0
random_4,3,1,0.0,0.0,0.0,0.0,0.0,0.0,0.0,0.0,0.0
random_4,4,1,0.0,0.0,0.0,0.0,0.0,0.0,0.0,0.0,0.0
random_4,5,1,0.0,0.0,0.0,0.0,0.0,0.0,0.0,0.0,0.0
random_4,6,1,0.0,0.0,0.0,0.0,0.0,0.0,0.0,0.0,0.0
random_4,7,1,0.0,0.0,0.0,0.0,0.0,0.0,0.0,0.0,0.0
random_4,8,1,0.0,0.0,0.0,0.0,0.0,0.0,0.0,0.0,0.0
random_4,0,2,0.0,0.0,0.0,0.0,0.0,0.0,0.0,0.0,0.0
random_4,1,2,0.0,0.0,0.0,0.0,0.0,0.0,0.0,0.0,0.0
random_4,2,2,0.0,0.0,0.0,0.0,0.0,0.0,0.0,0.0,0.0
random_4,3,2,0.0,0.0,0.0,0.0,0.0,0.0,0.0,0.0,0.0
random_4,4,2,0.0,0.0,0.0,0.0,0.0,0.0,0.0,0.0,0.0
random_4,5,2,0.0,0.0,0.0,0.0,0.0,0.0,0.0,0.0,0.0
random_4,6,2,0.0,0.0,0.0,0.0,0.0,0.0,0.0,0.0,0.0
random_4,7,2,0.0,0.0,0.0,0.0,0.0,0.0,0.0,0.0,0.0
random_4,8,2,0.0,0.0,0.0,0.0,0.0,0.0,0.0,0.0,0.0
random_4,0,3,0.0,0.0,0.0,0.0,0.0,0.0,0.0,0.0,0.0
random_4,1,3,0.0,0.0,0.0,0.0,0.0,0.0,0.0,0.0,0.0
random_4,2,3,0.0,0.0,0.0,0.0,0.0,0.0,0.0,0.0,0.0
random_4,3,3,0.0,0.0,0.0,0.0,0.0,0.0,0.0,0.0,0.0
random_4,4,3,0.0,0.0,0.0,0.0,0.0,0.0,0.0,0.0,0.0
random_4,5,3,0.0,0.0,0.0,0.0,0.0,0.0,0.0,0.0,0.0
random_4,6,3,0.0,0.0,0.0,0.0,0.0,0.0,0.0,0.0,0.0
random_4,7,3,0.0,0.0,0.0,0.0,0.0,0.0,0.0,0.0,0.0
random_4,8,3,0.0,0.0,0.0,0.0,0.0,0.0,0.0,0.0,0.0
random_4,0,4,0.0,0.0,0.0,0.0,0.0,0.0,0.0,0.0,0.0
random_4,1,4,0.0,0.0,0.0,0.0,0.0,0.0,0.0,0.0,0.0
random_4,2,4,0.0,0.0,0.0,0.0,0.0,0.0,0.0,0.0,0.0
random_4,3,4,0.0,0.0,0.0,0.0,0.0,0.0,0.0,0.0,0.0
random_4,4,4,0.0,0.0,0.0,0.0,0.0,0.0,0.0,0.0,0.0
random_4,5,4,0.0,0.0,0.0,0.0,0.0,0.0,0.0,0.0,0.0
random_4,6,4,0.0,0.0,0.0,0.0,0.0,0.0,0.0,0.0,0.0
random_4,7,4,0.0,0.0,0.0,0.0,0.0,0.0,0.0,0.0,0.0
random_4,8,4,0.0,0.0,0.0,0.0,0.0,0.0,0.0,0.0,0.0
random_4,0,5,0.0,0.0,0.0,0.0,0.0,0.0,0.0,0.0,0.0
random_4,1,5,0.0,0.0,0.0,0.0,0.0,0.0,0.0,0.0,0.0
random_4,2,5,0.0,0.0,0.0,0.0,0.0,0.0,0.0,0.0,0.0
random_4,3,5,0.0,0.0,0.0,0.0,0.0,0.0,0.0,0.0,0.0
random_4,4,5,0.0,0.0,0.0,0.0,0.0,0.0,0.0,0.0,0.0
random_4,5,5,0.0,0.0,0.0,0.0,0.0,0.0,0.0,0.0,0.0
random_4,6,5,0.0,0.0,0.0,0.0,0.0,0.0,0.0,0.0,0.0
random_4,7,5,0.0,0.0,0.0,0.0,0.0,0.0,0.0,0.0,0.0
random_4,8,5,0.0,0.0,0.0,0.0,0.0,0.0,0.0,0.0,0.0
random_5,0,1,0.0,0.0,0.0,0.0,0.0,0.0,0.0,0.0,0.0
random_5,1,1,0.0,0.0,0.0,0.0,0.0,0.0,0.0,0.0,0.0
random_5,2,1,0.0,0.0,0.0,0.0,0.0,0.0,0.0,0.0,0.0
random_5,3,1,0.0,0.0,0.0,0.0,0.0,0.0,0.0,0.0,0.0
random_5,4,1,0.0,0.0,0.0,0.0,0.0,0.0,0.0,0.0,0.0
random_5,5,1,0.0,0.0,0.0,0.0,0.0,0.0,0.0,0.0,0.0
random_5,6,1,0.0,0.0,0.0,0.0,0.0,0.0,0.0,0.0,0.0
random_5,7,1,0.0,0.0,0.0,0.0,0.0,0.0,0.0,0.0,0.0
random_5,8,1,0.0,0.0,0.0,0.0,0.0,0.0,0.0,0.0,0.0
random_5,0,2,0.0,0.0,0.0,0.0,0.0,0.0,0.0,0.0,0.0
random_5,1,2,0.0,0.0,0.0,0.0,0.0,0.0,0.0,0.0,0.0
random_5,2,2,0.0,0.0,0.0,0.0,0.0,0.0,0.0,0.0,0.0
random_5,3,2,0.0,0.0,0.0,0.0,0.0,0.0,0.0,0.0,0.0
random_5,4,2,0.0,0.0,0.0,0.0,0.0,0.0,0.0,0.0,0.0
random_5,5,2,0.0,0.0,0.0,0.0,0.0,0.0,0.0,0.0,0.0
random_5,6,2,0.0,0.0,0.0,0.0,0.0,0.0,0.0,0.0,0.0
random_5,7,2,0.0,0.0,0.0,0.0,0.0,0.0,0.0,0.0,0.0
random_5,8,2,0.0,0.0,0.0,0.0,0.0,0.0,0.0,0.0,0.0
random_5,0,3,0.0,0.0,0.0,0.0,0.0,0.0,0.0,0.0,0.0
random_5,1,3,0.0,0.0,0.0,0.0,0.0,0.0,0.0,0.0,0.0
random_5,2,3,0.0,0.0,0.0,0.0,0.0,0.0,0.0,0.0,0.0
random_5,3,3,0.0,0.0,0.0,0.0,0.0,0.0,0.0,0.0,0.0
random_5,4,3,0.0,0.0,0.0,0.0,0.0,0.0,0.0,0.0,0.0
random_5,5,3,0.0,0.0,0.0,0.0,0.0,0.0,0.0,0.0,0.0
random_5,6,3,0.0,0.0,0.0,0.0,0.0,0.0,0.0,0.0,0.0
random_5,7,3,0.0,0.0,0.0,0.0,0.0,0.0,0.0,0.0,0.0
random_5,8,3,0.0,0.0,0.0,0.0,0.0,0.0,0.0,0.0,0.0
random_5,0,4,0.0,0.0,0.0,0.0,0.0,0.0,0.0,0.0,0.0
random_5,1,4,0.0,0.0,0.0,0.0,0.0,0.0,0.0,0.0,0.0
random_5,2,4,0.0,0.0,0.0,0.0,0.0,0.0,0.0,0.0,0.0
random_5,3,4,0.0,0.0,0.0,0.0,0.0,0.0,0.0,0.0,0.0
random_5,4,4,0.0,0.0,0.0,0.0,0.0,0.0,0.0,0.0,0.0
random_5,5,4,0.0,0.0,0.0,0.0,0.0,0.0,0.0,0.0,0.0
random_5,6,4,0.0,0.0,0.0,0.0,0.0,0.0,0.0,0.0,0.0
random_5,7,4,0.0,0.0,0.0,0.0,0.0,0.0,0.0,0.0,0.0
random_5,8,4,0.0,0.0,0.0,0.0,0.0,0.0,0.0,0.0,0.0
random_5,0,5,0.0,0.0,0.0,0.0,0.0,0.0,0.0,0.0,0.0
random_5,1,5,0.0,0.0,0.0,0.0,0.0,0.0,0.0,0.0,0.0
random_5,2,5,0.0,0.0,0.0,0.0,0.0,0.0,0.0,0.0,0.0
random_5,3,5,0.0,0.0,0.0,0.0,0.0,0.0,0.0,0.0,0.0
random_5,4,5,0.0,0.0,0.0,0.0,0.0,0.0,0.0,0.0,0.0
random_5,5,5,0.0,0.0,0.0,0.0,0.0,0.0,0.0,0.0,0.0
random_5,6,5,0.0,0.0,0.0,0.0,0.0,0.0,0.0,0.0,0.0
random_5,7,5,0.0,0.0,0.0,0.0,0.0,0.0,0.0,0.0,0.0
random_5,8,5,0.0,0.0,0.0,0.0,0.0,0.0,0.0,0.0,0.0
random_6,0,1,0.0,0.0,0.0,0.0,0.0,0.0,0.0,0.0,0.0
random_6,1,1,0.0,0.0,0.0,0.0,0.0,0.0,0.0,0.0,0.0
random_6,2,1,0.0,0.0,0.0,0.0,0.0,0.0,0.0,0.0,0.0
random_6,3,1,0.0,0.0,0.0,0.0,0.0,0.0,0.0,0.0,0.0
random_6,4,1,0.0,0.0,0.0,0.0,0.0,0.0,0.0,0.0,0.0
random_6,5,1,0.0,0.0,0.0,0.0,0.0,0.0,0.0,0.0,0.0
random_6,6,1,0.0,0.0,0.0,0.0,0.0,0.0,0.0,0.0,0.0
random_6,7,1,0.0,0.0,0.0,0.0,0.0,0.0,0.0,0.0,0.0
random_6,8,1,0.0,0.0,0.0,0.0,0.0,0.0,0.0,0.0,0.0
random_6,0,2,0.0,0.0,0.0,0.0,0.0,0.0,0.0,0.0,0.0
random_6,1,2,0.0,0.0,0.0,0.0,0.0,0.0,0.0,0.0,0.0
random_6,2,2,0.0,0.0,0.0,0.0,0.0,0.0,0.0,0.0,0.0
random_6,3,2,0.0,0.0,0.0,0.0,0.0,0.0,0.0,0.0,0.0
random_6,4,2,0.0,0.0,0.0,0.0,0.0,0.0,0.0,0.0,0.0
random_6,5,2,0.0,0.0,0.0,0.0,0.0,0.0,0.0,0.0,0.0
random_6,6,2,0.0,0.0,0.0,0.0,0.0,0.0,0.0,0.0,0.0
random_6,7,2,0.0,0.0,0.0,0.0,0.0,0.0,0.0,0.0,0.0
random_6,8,2,0.0,0.0,0.0,0.0,0.0,0.0,0.0,0.0,0.0
random_6,0,3,0.0,0.0,0.0,0.0,0.0,0.0,0.0,0.0,0.0
random_6,1,3,0.0,0.0,0.0,0.0,0.0,0.0,0.0,0.0,0.0
random_6,2,3,0.0,0.0,0.0,0.0,0.0,0.0,0.0,0.0,0.0
random_6,3,3,0.0,0.0,0.0,0.0,0.0,0.0,0.0,0.0,0.0
random_6,4,3,0.0,0.0,0.0,0.0,0.0,0.0,0.0,0.0,0.0
random_6,5,3,0.0,0.0,0.0,0.0,0.0,0.0,0.0,0.0,0.0
random_6,6,3,0.0,0.0,0.0,0.0,0.0,0.0,0.0,0.0,0.0
random_6,7,3,0.0,0.0,0.0,0.0,0.0,0.0,0.0,0.0,0.0
random_6,8,3,0.0,0.0,0.0,0.0,0.0,0.0,0.0,0.0,0.0
random_6,0,4,0.0,0.0,0.0,0.0,0.0,0.0,0.0,0.0,0.0
random_6,1,4,0.0,0.0,0.0,0.0,0.0,0.0,0.0,0.0,0.0
random_6,2,4,0.0,0.0,0.0,0.0,0.0,0.0,0.0,0.0,0.0
random_6,3,4,0.0,0.0,0.0,0.0,0.0,0.0,0.0,0.0,0.0
random_6,4,4,0.0,0.0,0.0,0.0,0.0,0.0,0.0,0.0,0.0
random_6,5,4,0.0,0.0,0.0,0.0,0.0,0.0,0.0,0.0,0.0
random_6,6,4,0.0,0.0,0.0,0.0,0.0,0.0,0.0,0.0,0.0
random_6,7,4,0.0,0.0,0.0,0.0,0.0,0.0,0.0,0.0,0.0
random_6,8,4,0.0,0.0,0.0,0.0,0.0,0.0,0.0,0.0,0.0
random_6,0,5,0.0,0.0,0.0,0.0,0.0,0.0,0.0,0.0,0.0
random_6,1,5,0.0,0.0,0.0,0.0,0.0,0.0,0.0,0.0,0.0
random_6,2,5,0.0,0.0,0.0,0.0,0.0,0.0,0.0,0.0,0.0
random_6,3,5,0.0,0.0,0.0,0.0,0.0,0.0,0.0,0.0,0.0
random_6,4,5,0.0,0.0,0.0,0.0,0.0,0.0,0.0,0.0,0.0
random_6,5,5,0.0,0.0,0.0,0.0,0.0,0.0,0.0,0.0,0.0
random_6,6,5,0.0,0.0,0.0,0.0,0.0,0.0,0.0,0.0,0.0
random_6,7,5,0.0,0.0,0.0,0.0,0.0,0.0,0.0,0.0,0.0
random_6,8,5,0.0,0.0,0.0,0.0,0.0,0.0,0.0,0.0,0.0
random_7,0,1,0.0,0.0,0.0,0.0,0.0,0.0,0.0,0.0,0.0
random_7,1,1,0.0,0.0,0.0,0.0,0.0,0.0,0.0,0.0,0.0
random_7,2,1,0.0,0.0,0.0,0.0,0.0,0.0,0.0,0.0,0.0
random_7,3,1,0.0,0.0,0.0,0.0,0.0,0.0,0.0,0.0,0.0
random_7,4,1,0.0,0.0,0.0,0.0,0.0,0.0,0.0,0.0,0.0
random_7,5,1,0.0,0.0,0.0,0.0,0.0,0.0,0.0,0.0,0.0
random_7,6,1,0.0,0.0,0.0,0.0,0.0,0.0,0.0,0.0,0.0
random_7,7,1,0.0,0.0,0.0,0.0,0.0,0.0,0.0,0.0,0.0
random_7,8,1,0.0,0.0,0.0,0.0,0.0,0.0,0.0,0.0,0.0
random_7,0,2,0.0,0.0,0.0,0.0,0.0,0.0,0.0,0.0,0.0
random_7,1,2,0.0,0.0,0.0,0.0,0.0,0.0,0.0,0.0,0.0
random_7,2,2,0.0,0.0,0.0,0.0,0.0,0.0,0.0,0.0,0.0
random_7,3,2,0.0,0.0,0.0,0.0,0.0,0.0,0.0,0.0,0.0
random_7,4,2,0.0,0.0,0.0,0.0,0.0,0.0,0.0,0.0,0.0
random_7,5,2,0.0,0.0,0.0,0.0,0.0,0.0,0.0,0.0,0.0
random_7,6,2,0.0,0.0,0.0,0.0,0.0,0.0,0.0,0.0,0.0
random_7,7,2,0.0,0.0,0.0,0.0,0.0,0.0,0.0,0.0,0.0
random_7,8,2,0.0,0.0,0.0,0.0,0.0,0.0,0.0,0.0,0.0
random_7,0,3,0.0,0.0,0.0,0.0,0.0,0.0,0.0,0.0,0.0
random_7,1,3,0.0,0.0,0.0,0.0,0.0,0.0,0.0,0.0,0.0
random_7,2,3,0.0,0.0,0.0,0.0,0.0,0.0,0.0,0.0,0.0
random_7,3,3,0.0,0.0,0.0,0.0,0.0,0.0,0.0,0.0,0.0
random_7,4,3,0.0,0.0,0.0,0.0,0.0,0.0,0.0,0.0,0.0
random_7,5,3,0.0,0.0,0.0,0.0,0.0,0.0,0.0,0.0,0.0
random_7,6,3,0.0,0.0,0.0,0.0,0.0,0.0,0.0,0.0,0.0
random_7,7,3,0.0,0.0,0.0,0.0,0.0,0.0,0.0,0.0,0.0
random_7,8,3,0.0,0.0,0.0,0.0,0.0,0.0,0.0,0.0,0.0
random_7,0,4,0.0,0.0,0.0,0.0,0.0,0.0,0.0,0.0,0.0
random_7,1,4,0.0,0.0,0.0,0.0,0.0,0.0,0.0,0.0,0.0
random_7,2,4,0.0,0.0,0.0,0.0,0.0,0.0,0.0,0.0,0.0
random_7,3,4,0.0,0.0,0.0,0.0,0.0,0.0,0.0,0.0,0.0
random_7,4,4,0.0,0.0,0.0,0.0,0.0,0.0,0.0,0.0,0.0
random_7,5,4,0.0,0.0,0.0,0.0,0.0,0.0,0.0,0.0,0.0
random_7,6,4,0.0,0.0,0.0,0.0,0.0,0.0,0.0,0.0,0.0
random_7,7,4,0.0,0.0,0.0,0.0,0.0,0.0,0.0,0.0,0.0
random_7,8,4,0.0,0.0,0.0,0.0,0.0,0.0,0.0,0.0,0.0
random_7,0,5,0.0,0.0,0.0,0.0,0.0,0.0,0.0,0.0,0.0
random_7,1,5,0.0,0.0,0.0,0.0,0.0,0.0,0.0,0.0,0.0
random_7,2,5,0.0,0.0,0.0,0.0,0.0,0.0,0.0,0.0,0.0
random_7,3,5,0.0,0.0,0.0,0.0,0.0,0.0,0.0,0.0,0.0
random_7,4,5,0.0,0.0,0.0,0.0,0.0,0.0,0.0,0.0,0.0
random_7,5,5,0.0,0.0,0.0,0.0,0.0,0.0,0.0,0.0,0.0
random_7,6,5,0.0,0.0,0.0,0.0,0.0,0.0,0.0,0.0,0.0
random_7,7,5,0.0,0.0,0.0,0.0,0.0,0.0,0.0,0.0,0.0
random_7,8,5,0.0,0.0,0.0,0.0,0.0,0.0,0.0,0.0,0.0
random_8,0,1,0.0,0.0,0.0,0.0,0.0,0.0,0.0,0.0,0.0
random_8,1,1,0.0,0.0,0.0,0.0,0.0,0.0,0.0,0.0,0.0
random_8,2,1,0.0,0.0,0.0,0.0,0.0,0.0,0.0,0.0,0.0
random_8,3,1,0.0,0.0,0.0,0.0,0.0,0.0,0.0,0.0,0.0
random_8,4,1,0.0,0.0,0.0,0.0,0.0,0.0,0.0,0.0,0.0
random_8,5,1,0.0,0.0,0.0,0.0,0.0,0.0,0.0,0.0,0.0
random_8,6,1,0.0,0.0,0.0,0.0,0.0,0.0,0.0,0.0,0.0
random_8,7,1,0.0,0.0,0.0,0.0,0.0,0.0,0.0,0.0,0.0
random_8,8,1,0.0,0.0,0.0,0.0,0.0,0.0,0.0,0.0,0.0
random_8,0,2,0.0,0.0,0.0,0.0,0.0,0.0,0.0,0.0,0.0
random_8,1,2,0.0,0.0,0.0,0.0,0.0,0.0,0.0,0.0,0.0
random_8,2,2,0.0,0.0,0.0,0.0,0.0,0.0,0.0,0.0,0.0
random_8,3,2,0.0,0.0,0.0,0.0,0.0,0.0,0.0,0.0,0.0
random_8,4,2,0.0,0.0,0.0,0.0,0.0,0.0,0.0,0.0,0.0
random_8,5,2,0.0,0.0,0.0,0.0,0.0,0.0,0.0,0.0,0.0
random_8,6,2,0.0,0.0,0.0,0.0,0.0,0.0,0.0,0.0,0.0
random_8,7,2,0.0,0.0,0.0,0.0,0.0,0.0,0.0,0.0,0.0
random_8,8,2,0.0,0.0,0.0,0.0,0.0,0.0,0.0,0.0,0.0
random_8,0,3,0.0,0.0,0.0,0.0,0.0,0.0,0.0,0.0,0.0
random_8,1,3,0.0,0.0,0.0,0.0,0.0,0.0,0.0,0.0,0.0
random_8,2,3,0.0,0.0,0.0,0.0,0.0,0.0,0.0,0.0,0.0
random_8,3,3,0.0,0.0,0.0,0.0,0.0,0.0,0.0,0.0,0.0
random_8,4,3,0.0,0.0,0.0,0.0,0.0,0.0,0.0,0.0,0.0
random_8,5,3,0.0,0.0,0.0,0.0,0.0,0.0,0.0,0.0,0.0
random_8,6,3,0.0,0.0,0.0,0.0,0.0,0.0,0.0,0.0,0.0
random_8,7,3,0.0,0.0,0.0,0.0,0.0,0.0,0.0,0.0,0.0
random_8,8,3,0.0,0.0,0.0,0.0,0.0,0.0,0.0,0.0,0.0
random_8,0,4,0.0,0.0,0.0,0.0,0.0,0.0,0.0,0.0,0.0
random_8,1,4,0.0,0.0,0.0,0.0,0.0,0.0,0.0,0.0,0.0
random_8,2,4,0.0,0.0,0.0,0.0,0.0,0.0,0.0,0.0,0.0
random_8,3,4,0.0,0.0,0.0,0.0,0.0,0.0,0.0,0.0,0.0
random_8,4,4,0.0,0.0,0.0,0.0,0.0,0.0,0.0,0.0,0.0
random_8,5,4,0.0,0.0,0.0,0.0,0.0,0.0,0.0,0.0,0.0
random_8,6,4,0.0,0.0,0.0,0.0,0.0,0.0,0.0,0.0,0.0
random_8,7,4,0.0,0.0,0.0,0.0,0.0,0.0,0.0,0.0,0.0
random_8,8,4,0.0,0.0,0.0,0.0,0.0,0.0,0.0,0.0,0.0
random_8,0,5,0.0,0.0,0.0,0.0,0.0,0.0,0.0,0.0,0.0
random_8,1,5,0.0,0.0,0.0,0.0,0.0,0.0,0.0,0.0,0.0
random_8,2,5,0.0,0.0,0.0,0.0,0.0,0.0,0.0,0.0,0.0
random_8,3,5,0.0,0.0,0.0,0.0,0.0,0.0,0.0,0.0,0.0
random_8,4,5,0.0,0.0,0.0,0.0,0.0,0.0,0.0,0.0,0.0
random_8,5,5,0.0,0.0,0.0,0.0,0.0,0.0,0.0,0.0,0.0
random_8,6,5,0.0,0.0,0.0,0.0,0.0,0.0,0.0,0.0,0.0
random_8,7,5,0.0,0.0,0.0,0.0,0.0,0.0,0.0,0.0,0.0
random_8,8,5,0.0,0.0,0.0,0.0,0.0,0.0,0.0,0.0,0.0
random_9,0,1,0.0,0.0,0.0,0.0,0.0,0.0,0.0,0.0,0.0
random_9,1,1,0.0,0.0,0.0,0.0,0.0,0.0,0.0,0.0,0.0
random_9,2,1,0.0,0.0,0.0,0.0,0.0,0.0,0.0,0.0,0.0
random_9,3,1,0.0,0.0,0.0,0.0,0.0,0.0,0.0,0.0,0.0
random_9,4,1,0.0,0.0,0.0,0.0,0.0,0.0,0.0,0.0,0.0
random_9,5,1,0.0,0.0,0.0,0.0,0.0,0.0,0.0,0.0,0.0
random_9,6,1,0.0,0.0,0.0,0.0,0.0,0.0,0.0,0.0,0.0
random_9,7,1,0.0,0.0,0.0,0.0,0.0,0.0,0.0,0.0,0.0
random_9,8,1,0.0,0.0,0.0,0.0,0.0,0.0,0.0,0.0,0.0
random_9,0,2,0.0,0.0,0.0,0.0,0.0,0.0,0.0,0.0,0.0
random_9,1,2,0.0,0.0,0.0,0.0,0.0,0.0,0.0,0.0,0.0
random_9,2,2,0.0,0.0,0.0,0.0,0.0,0.0,0.0,0.0,0.0
random_9,3,2,0.0,0.0,0.0,0.0,0.0,0.0,0.0,0.0,0.0
random_9,4,2,0.0,0.0,0.0,0.0,0.0,0.0,0.0,0.0,0.0
random_9,5,2,0.0,0.0,0.0,0.0,0.0,0.0,0.0,0.0,0.0
random_9,6,2,0.0,0.0,0.0,0.0,0.0,0.0,0.0,0.0,0.0
random_9,7,2,0.0,0.0,0.0,0.0,0.0,0.0,0.0,0.0,0.0
random_9,8,2,0.0,0.0,0.0,0.0,0.0,0.0,0.0,0.0,0.0
random_9,0,3,0.0,0.0,0.0,0.0,0.0,0.0,0.0,0.0,0.0
random_9,1,3,0.0,0.0,0.0,0.0,0.0,0.0,0.0,0.0,0.0
random_9,2,3,0.0,0.0,0.0,0.0,0.0,0.0,0.0,0.0,0.0
random_9,3,3,0.0,0.0,0.0,0.0,0.0,0.0,0.0,0.0,0.0
random_9,4,3,0.0,0.0,0.0,0.0,0.0,0.0,0.0,0.0,0.0
random_9,5,3,0.0,0.0,0.0,0.0,0.0,0.0,0.0,0.0,0.0
random_9,6,3,0.0,0.0,0.0,0.0,0.0,0.0,0.0,0.0,0.0
random_9,7,3,0.0,0.0,0.0,0.0,0.0,0.0,0.0,0.0,0.0
random_9,8,3,0.0,0.0,0.0,0.0,0.0,0.0,0.0,0.0,0.0
random_9,0,4,0.0,0.0,0.0,0.0,0.0,0.0,0.0,0.0,0.0
random_9,1,4,0.0,0.0,0.0,0.0,0.0,0.0,0.0,0.0,0.0
random_9,2,4,0.0,0.0,0.0,0.0,0.0,0.0,0.0,0.0,0.0
random_9,3,4,0.0,0.0,0.0,0.0,0.0,0.0,0.0,0.0,0.0
random_9,4,4,0.0,0.0,0.0,0.0,0.0,0.0,0.0,0.0,0.0
random_9,5,4,0.0,0.0,0.0,0.0,0.0,0.0,0.0,0.0,0.0
random_9,6,4,0.0,0.0,0.0,0.0,0.0,0.0,0.0,0.0,0.0
random_9,7,4,0.0,0.0,0.0,0.0,0.0,0.0,0.0,0.0,0.0
random_9,8,4,0.0,0.0,0.0,0.0,0.0,0.0,0.0,0.0,0.0
random_9,0,5,0.0,0.0,0.0,0.0,0.0,0.0,0.0,0.0,0.0
random_9,1,5,0.0,0.0,0.0,0.0,0.0,0.0,0.0,0.0,0.0
random_9,2,5,0.0,0.0,0.0,0.0,0.0,0.0,0.0,0.0,0.0
random_9,3,5,0.0,0.0,0.0,0.0,0.0,0.0,0.0,0.0,0.0
random_9,4,5,0.0,0.0,0.0,0.0,0.0,0.0,0.0,0.0,0.0
random_9,5,5,0.0,0.0,0.0,0.0,0.0,0.0,0.0,0.0,0.0
random_9,6,5,0.0,0.0,0.0,0.0,0.0,0.0,0.0,0.0,0.0
random_9,7,5,0.0,0.0,0.0,0.0,0.0,0.0,0.0,0.0,0.0
random_9,8,5,0.0,0.0,0.0,0.0,0.0,0.0,0.0,0.0,0.0
random_10,0,1,0.0,0.0,0.0,0.0,0.0,0.0,0.0,0.0,0.0
random_10,1,1,0.0,0.0,0.0,0.0,0.0,0.0,0.0,0.0,0.0
random_10,2,1,0.0,0.0,0.0,0.0,0.0,0.0,0.0,0.0,0.0
random_10,3,1,0.0,0.0,0.0,0.0,0.0,0.0,0.0,0.0,0.0
random_10,4,1,0.0,0.0,0.0,0.0,0.0,0.0,0.0,0.0,0.0
random_10,5,1,0.0,0.0,0.0,0.0,0.0,0.0,0.0,0.0,0.0
random_10,6,1,0.0,0.0,0.0,0.0,0.0,0.0,0.0,0.0,0.0
random_10,7,1,0.0,0.0,0.0,0.0,0.0,0.0,0.0,0.0,0.0
random_10,8,1,0.0,0.0,0.0,0.0,0.0,0.0,0.0,0.0,0.0
random_10,0,2,0.0,0.0,0.0,0.0,0.0,0.0,0.0,0.0,0.0
random_10,1,2,0.0,0.0,0.0,0.0,0.0,0.0,0.0,0.0,0.0
random_10,2,2,0.0,0.0,0.0,0.0,0.0,0.0,0.0,0.0,0.0
random_10,3,2,0.0,0.0,0.0,0.0,0.0,0.0,0.0,0.0,0.0
random_10,4,2,0.0,0.0,0.0,0.0,0.0,0.0,0.0,0.0,0.0
random_10,5,2,0.0,0.0,0.0,0.0,0.0,0.0,0.0,0.0,0.0
random_10,6,2,0.0,0.0,0.0,0.0,0.0,0.0,0.0,0.0,0.0
random_10,7,2,0.0,0.0,0.0,0.0,0.0,0.0,0.0,0.0,0.0
random_10,8,2,0.0,0.0,0.0,0.0,0.0,0.0,0.0,0.0,0.0
random_10,0,3,0.0,0.0,0.0,0.0,0.0,0.0,0.0,0.0,0.0
random_10,1,3,0.0,0.0,0.0,0.0,0.0,0.0,0.0,0.0,0.0
random_10,2,3,0.0,0.0,0.0,0.0,0.0,0.0,0.0,0.0,0.0
random_10,3,3,0.0,0.0,0.0,0.0,0.0,0.0,0.0,0.0,0.0
random_10,4,3,0.0,0.0,0.0,0.0,0.0,0.0,0.0,0.0,0.0
random_10,5,3,0.0,0.0,0.0,0.0,0.0,0.0,0.0,0.0,0.0
random_10,6,3,0.0,0.0,0.0,0.0,0.0,0.0,0.0,0.0,0.0
random_10,7,3,0.0,0.0,0.0,0.0,0.0,0.0,0.0,0.0,0.0
random_10,8,3,0.0,0.0,0.0,0.0,0.0,0.0,0.0,0.0,0.0
random_10,0,4,0.0,0.0,0.0,0.0,0.0,0.0,0.0,0.0,0.0
random_10,1,4,0.0,0.0,0.0,0.0,0.0,0.0,0.0,0.0,0.0
random_10,2,4,0.0,0.0,0.0,0.0,0.0,0.0,0.0,0.0,0.0
random_10,3,4,0.0,0.0,0.0,0.0,0.0,0.0,0.0,0.0,0.0
random_10,4,4,0.0,0.0,0.0,0.0,0.0,0.0,0.0,0.0,0.0
random_10,5,4,0.0,0.0,0.0,0.0,0.0,0.0,0.0,0.0,0.0
random_10,6,4,0.0,0.0,0.0,0.0,0.0,0.0,0.0,0.0,0.0
random_10,7,4,0.0,0.0,0.0,0.0,0.0,0.0,0.0,0.0,0.0
random_10,8,4,0.0,0.0,0.0,0.0,0.0,0.0,0.0,0.0,0.0
random_10,0,5,0.0,0.0,0.0,0.0,0.0,0.0,0.0,0.0,0.0
random_10,1,5,0.0,0.0,0.0,0.0,0.0,0.0,0.0,0.0,0.0
random_10,2,5,0.0,0.0,0.0,0.0,0.0,0.0,0.0,0.0,0.0
random_10,3,5,0.0,0.0,0.0,0.0,0.0,0.0,0.0,0.0,0.0
random_10,4,5,0.0,0.0,0.0,0.0,0.0,0.0,0.0,0.0,0.0
random_10,5,5,0.0,0.0,0.0,0.0,0.0,0.0,0.0,0.0,0.0
random_10,6,5,0.0,0.0,0.0,0.0,0.0,0.0,0.0,0.0,0.0
random_10,7,5,0.0,0.0,0.0,0.0,0.0,0.0,0.0,0.0,0.0
random_10,8,5,0.0,0.0,0.0,0.0,0.0,0.0,0.0,0.0,0.0
random_11,0,1,0.0,0.0,0.0,0.0,0.0,0.0,0.0,0.0,0.0
random_11,1,1,0.0,0.0,0.0,0.0,0.0,0.0,0.0,0.0,0.0
random_11,2,1,0.0,0.0,0.0,0.0,0.0,0.0,0.0,0.0,0.0
random_11,3,1,0.0,0.0,0.0,0.0,0.0,0.0,0.0,0.0,0.0
random_11,4,1,0.0,0.0,0.0,0.0,0.0,0.0,0.0,0.0,0.0
random_11,5,1,0.0,0.0,0.0,0.0,0.0,0.0,0.0,0.0,0.0
random_11,6,1,0.0,0.0,0.0,0.0,0.0,0.0,0.0,0.0,0.0
random_11,7,1,0.0,0.0,0.0,0.0,0.0,0.0,0.0,0.0,0.0
random_11,8,1,0.0,0.0,0.0,0.0,0.0,0.0,0.0,0.0,0.0
random_11,0,2,0.0,0.0,0.0,0.0,0.0,0.0,0.0,0.0,0.0
random_11,1,2,0.0,0.0,0.0,0.0,0.0,0.0,0.0,0.0,0.0
random_11,2,2,0.0,0.0,0.0,0.0,0.0,0.0,0.0,0.0,0.0
random_11,3,2,0.0,0.0,0.0,0.0,0.0,0.0,0.0,0.0,0.0
random_11,4,2,0.0,0.0,0.0,0.0,0.0,0.0,0.0,0.0,0.0
random_11,5,2,0.0,0.0,0.0,0.0,0.0,0.0,0.0,0.0,0.0
random_11,6,2,0.0,0.0,0.0,0.0,0.0,0.0,0.0,0.0,0.0
random_11,7,2,0.0,0.0,0.0,0.0,0.0,0.0,0.0,0.0,0.0
random_11,8,2,0.0,0.0,0.0,0.0,0.0,0.0,0.0,0.0,0.0
random_11,0,3,0.0,0.0,0.0,0.0,0.0,0.0,0.0,0.0,0.0
random_11,1,3,0.0,0.0,0.0,0.0,0.0,0.0,0.0,0.0,0.0
random_11,2,3,0.0,0.0,0.0,0.0,0.0,0.0,0.0,0.0,0.0
random_11,3,3,0.0,0.0,0.0,0.0,0.0,0.0,0.0,0.0,0.0
random_11,4,3,0.0,0.0,0.0,0.0,0.0,0.0,0.0,0.0,0.0
random_11,5,3,0.0,0.0,0.0,0.0,0.0,0.0,0.0,0.0,0.0
random_11,6,3,0.0,0.0,0.0,0.0,0.0,0.0,0.0,0.0,0.0
random_11,7,3,0.0,0.0,0.0,0.0,0.0,0.0,0.0,0.0,0.0
random_11,8,3,0.0,0.0,0.0,0.0,0.0,0.0,0.0,0.0,0.0
random_11,0,4,0.0,0.0,0.0,0.0,0.0,0.0,0.0,0.0,0.0
random_11,1,4,0.0,0.0,0.0,0.0,0.0,0.0,0.0,0.0,0.0
random_11,2,4,0.0,0.0,0.0,0.0,0.0,0.0,0.0,0.0,0.0
random_11,3,4,0.0,0.0,0.0,0.0,0.0,0.0,0.0,0.0,0.0
random_11,4,4,0.0,0.0,0.0,0.0,0.0,0.0,0.0,0.0,0.0
random_11,5,4,0.0,0.0,0.0,0.0,0.0,0.0,0.0,0.0,0.0
random_11,6,4,0.0,0.0,0.0,0.0,0.0,0.0,0.0,0.0,0.0
random_11,7,4,0.0,0.0,0.0,0.0,0.0,0.0,0.0,0.0,0.0
random_11,8,4,0.0,0.0,0.0,0.0,0.0,0.0,0.0,0.0,0.0
random_11,0,5,0.0,0.0,0.0,0.0,0.0,0.0,0.0,0.0,0.0
random_11,1,5,0.0,0.0,0.0,0.0,0.0,0.0,0.0,0.0,0.0
random_11,2,5,0.0,0.0,0.0,0.0,0.0,0.0,0.0,0.0,0.0
random_11,3,5,0.0,0.0,0.0,0.0,0.0,0.0,0.0,0.0,0.0
random_11,4,5,0.0,0.0,0.0,0.0,0.0,0.0,0.0,0.0,0.0
random_11,5,5,0.0,0.0,0.0,0.0,0.0,0.0,0.0,0.0,0.0
random_11,6,5,0.0,0.0,0.0,0.0,0.0,0.0,0.0,0.0,0.0
random_11,7,5,0.0,0.0,0.0,0.0,0.0,0.0,0.0,0.0,0.0
random_11,8,5,0.0,0.0,0.0,0.0,0.0,0.0,0.0,0.0,0.0
random_12,0,1,0.0,0.0,0.0,0.0,0.0,0.0,0.0,0.0,0.0
random_12,1,1,0.0,0.0,0.0,0.0,0.0,0.0,0.0,0.0,0.0
random_12,2,1,0.0,0.0,0.0,0.0,0.0,0.0,0.0,0.0,0.0
random_12,3,1,0.0,0.0,0.0,0.0,0.0,0.0,0.0,0.0,0.0
random_12,4,1,0.0,0.0,0.0,0.0,0.0,0.0,0.0,0.0,0.0
random_12,5,1,0.0,0.0,0.0,0.0,0.0,0.0,0.0,0.0,0.0
random_12,6,1,0.0,0.0,0.0,0.0,0.0,0.0,0.0,0.0,0.0
random_12,7,1,0.0,0.0,0.0,0.0,0.0,0.0,0.0,0.0,0.0
random_12,8,1,0.0,0.0,0.0,0.0,0.0,0.0,0.0,0.0,0.0
random_12,0,2,0.0,0.0,0.0,0.0,0.0,0.0,0.0,0.0,0.0
random_12,1,2,0.0,0.0,0.0,0.0,0.0,0.0,0.0,0.0,0.0
random_12,2,2,0.0,0.0,0.0,0.0,0.0,0.0,0.0,0.0,0.0
random_12,3,2,0.0,0.0,0.0,0.0,0.0,0.0,0.0,0.0,0.0
random_12,4,2,0.0,0.0,0.0,0.0,0.0,0.0,0.0,0.0,0.0
random_12,5,2,0.0,0.0,0.0,0.0,0.0,0.0,0.0,0.0,0.0
random_12,6,2,0.0,0.0,0.0,0.0,0.0,0.0,0.0,0.0,0.0
random_12,7,2,0.0,0.0,0.0,0.0,0.0,0.0,0.0,0.0,0.0
random_12,8,2,0.0,0.0,0.0,0.0,0.0,0.0,0.0,0.0,0.0
random_12,0,3,0.0,0.0,0.0,0.0,0.0,0.0,0.0,0.0,0.0
random_12,1,3,0.0,0.0,0.0,0.0,0.0,0.0,0.0,0.0,0.0
random_12,2,3,0.0,0.0,0.0,0.0,0.0,0.0,0.0,0.0,0.0
random_12,3,3,0.0,0.0,0.0,0.0,0.0,0.0,0.0,0.0,0.0
random_12,4,3,0.0,0.0,0.0,0.0,0.0,0.0,0.0,0.0,0.0
random_12,5,3,0.0,0.0,0.0,0.0,0.0,0.0,0.0,0.0,0.0
random_12,6,3,0.0,0.0,0.0,0.0,0.0,0.0,0.0,0.0,0.0
random_12,7,3,0.0,0.0,0.0,0.0,0.0,0.0,0.0,0.0,0.0
random_12,8,3,0.0,0.0,0.0,0.0,0.0,0.0,0.0,0.0,0.0
random_12,0,4,0.0,0.0,0.0,0.0,0.0,0.0,0.0,0.0,0.0
random_12,1,4,0.0,0.0,0.0,0.0,0.0,0.0,0.0,0.0,0.0
random_12,2,4,0.0,0.0,0.0,0.0,0.0,0.0,0.0,0.0,0.0
random_12,3,4,0.0,0.0,0.0,0.0,0.0,0.0,0.0,0.0,0.0
random_12,4,4,0.0,0.0,0.0,0.0,0.0,0.0,0.0,0.0,0.0
random_12,5,4,0.0,0.0,0.0,0.0,0.0,0.0,0.0,0.0,0.0
random_12,6,4,0.0,0.0,0.0,0.0,0.0,0.0,0.0,0.0,0.0
random_12,7,4,0.0,0.0,0.0,0.0,0.0,0.0,0.0,0.0,0.0
random_12,8,4,0.0,0.0,0.0,0.0,0.0,0.0,0.0,0.0,0.0
random_12,0,5,0.0,0.0,0.0,0.0,0.0,0.0,0.0,0.0,0.0
random_12,1,5,0.0,0.0,0.0,0.0,0.0,0.0,0.0,0.0,0.0
random_12,2,5,0.0,0.0,0.0,0.0,0.0,0.0,0.0,0.0,0.0
random_12,3,5,0.0,0.0,0.0,0.0,0.0,0.0,0.0,0.0,0.0
random_12,4,5,0.0,0.0,0.0,0.0,0.0,0.0,0.0,0.0,0.0
random_12,5,5,0.0,0.0,0.0,0.0,0.0,0.0,0.0,0.0,0.0
random_12,6,5,0.0,0.0,0.0,0.0,0.0,0.0,0.0,0.0,0.0
random_12,7,5,0.0,0.0,0.0,0.0,0.0,0.0,0.0,0.0,0.0
random_12,8,5,0.0,0.0,0.0,0.0,0.0,0.0,0.0,0.0,0.0
random_13,0,1,0.0,0.0,0.0,0.0,0.0,0.0,0.0,0.0,0.0
random_13,1,1,0.0,0.0,0.0,0.0,0.0,0.0,0.0,0.0,0.0
random_13,2,1,0.0,0.0,0.0,0.0,0.0,0.0,0.0,0.0,0.0
random_13,3,1,0.0,0.0,0.0,0.0,0.0,0.0,0.0,0.0,0.0
random_13,4,1,0.0,0.0,0.0,0.0,0.0,0.0,0.0,0.0,0.0
random_13,5,1,0.0,0.0,0.0,0.0,0.0,0.0,0.0,0.0,0.0
random_13,6,1,0.0,0.0,0.0,0.0,0.0,0.0,0.0,0.0,0.0
random_13,7,1,0.0,0.0,0.0,0.0,0.0,0.0,0.0,0.0,0.0
random_13,8,1,0.0,0.0,0.0,0.0,0.0,0.0,0.0,0.0,0.0
random_13,0,2,0.0,0.0,0.0,0.0,0.0,0.0,0.0,0.0,0.0
random_13,1,2,0.0,0.0,0.0,0.0,0.0,0.0,0.0,0.0,0.0
random_13,2,2,0.0,0.0,0.0,0.0,0.0,0.0,0.0,0.0,0.0
random_13,3,2,0.0,0.0,0.0,0.0,0.0,0.0,0.0,0.0,0.0
random_13,4,2,0.0,0.0,0.0,0.0,0.0,0.0,0.0,0.0,0.0
random_13,5,2,0.0,0.0,0.0,0.0,0.0,0.0,0.0,0.0,0.0
random_13,6,2,0.0,0.0,0.0,0.0,0.0,0.0,0.0,0.0,0.0
random_13,7,2,0.0,0.0,0.0,0.0,0.0,0.0,0.0,0.0,0.0
random_13,8,2,0.0,0.0,0.0,0.0,0.0,0.0,0.0,0.0,0.0
random_13,0,3,0.0,0.0,0.0,0.0,0.0,0.0,0.0,0.0,0.0
random_13,1,3,0.0,0.0,0.0,0.0,0.0,0.0,0.0,0.0,0.0
random_13,2,3,0.0,0.0,0.0,0.0,0.0,0.0,0.0,0.0,0.0
random_13,3,3,0.0,0.0,0.0,0.0,0.0,0.0,0.0,0.0,0.0
random_13,4,3,0.0,0.0,0.0,0.0,0.0,0.0,0.0,0.0,0.0
random_13,5,3,0.0,0.0,0.0,0.0,0.0,0.0,0.0,0.0,0.0
random_13,6,3,0.0,0.0,0.0,0.0,0.0,0.0,0.0,0.0,0.0
random_13,7,3,0.0,0.0,0.0,0.0,0.0,0.0,0.0,0.0,0.0
random_13,8,3,0.0,0.0,0.0,0.0,0.0,0.0,0.0,0.0,0.0
random_13,0,4,0.0,0.0,0.0,0.0,0.0,0.0,0.0,0.0,0.0
random_13,1,4,0.0,0.0,0.0,0.0,0.0,0.0,0.0,0.0,0.0
random_13,2,4,0.0,0.0,0.0,0.0,0.0,0.0,0.0,0.0,0.0
random_13,3,4,0.0,0.0,0.0,0.0,0.0,0.0,0.0,0.0,0.0
random_13,4,4,0.0,0.0,0.0,0.0,0.0,0.0,0.0,0.0,0.0
random_13,5,4,0.0,0.0,0.0,0.0,0.0,0.0,0.0,0.0,0.0
random_13,6,4,0.0,0.0,0.0,0.0,0.0,0.0,0.0,0.0,0.0
random_13,7,4,0.0,0.0,0.0,0.0,0.0,0.0,0.0,0.0,0.0
random_13,8,4,0.0,0.0,0.0,0.0,0.0,0.0,0.0,0.0,0.0
random_13,0,5,0.0,0.0,0.0,0.0,0.0,0.0,0.0,0.0,0.0
random_13,1,5,0.0,0.0,0.0,0.0,0.0,0.0,0.0,0.0,0.0
random_13,2,5,0.0,0.0,0.0,0.0,0.0,0.0,0.0,0.0,0.0
random_13,3,5,0.0,0.0,0.0,0.0,0.0,0.0,0.0,0.0,0.0
random_13,4,5,0.0,0.0,0.0,0.0,0.0,0.0,0.0,0.0,0.0
random_13,5,5,0.0,0.0,0.0,0.0,0.0,0.0,0.0,0.0,0.0
random_13,6,5,0.0,0.0,0.0,0.0,0.0,0.0,0.0,0.0,0.0
random_13,7,5,0.0,0.0,0.0,0.0,0.0,0.0,0.0,0.0,0.0
random_13,8,5,0.0,0.0,0.0,0.0,0.0,0.0,0.0,0.0,0.0
random_14,0,1,0.0,0.0,0.0,0.0,0.0,0.0,0.0,0.0,0.0
random_14,1,1,0.0,0.0,0.0,0.0,0.0,0.0,0.0,0.0,0.0
random_14,2,1,0.0,0.0,0.0,0.0,0.0,0.0,0.0,0.0,0.0
random_14,3,1,0.0,0.0,0.0,0.0,0.0,0.0,0.0,0.0,0.0
random_14,4,1,0.0,0.0,0.0,0.0,0.0,0.0,0.0,0.0,0.0
random_14,5,1,0.0,0.0,0.0,0.0,0.0,0.0,0.0,0.0,0.0
random_14,6,1,0.0,0.0,0.0,0.0,0.0,0.0,0.0,0.0,0.0
random_14,7,1,0.0,0.0,0.0,0.0,0.0,0.0,0.0,0.0,0.0
random_14,8,1,0.0,0.0,0.0,0.0,0.0,0.0,0.0,0.0,0.0
random_14,0,2,0.0,0.0,0.0,0.0,0.0,0.0,0.0,0.0,0.0
random_14,1,2,0.0,0.0,0.0,0.0,0.0,0.0,0.0,0.0,0.0
random_14,2,2,0.0,0.0,0.0,0.0,0.0,0.0,0.0,0.0,0.0
random_14,3,2,0.0,0.0,0.0,0.0,0.0,0.0,0.0,0.0,0.0
random_14,4,2,0.0,0.0,0.0,0.0,0.0,0.0,0.0,0.0,0.0
random_14,5,2,0.0,0.0,0.0,0.0,0.0,0.0,0.0,0.0,0.0
random_14,6,2,0.0,0.0,0.0,0.0,0.0,0.0,0.0,0.0,0.0
random_14,7,2,0.0,0.0,0.0,0.0,0.0,0.0,0.0,0.0,0.0
random_14,8,2,0.0,0.0,0.0,0.0,0.0,0.0,0.0,0.0,0.0
random_14,0,3,0.0,0.0,0.0,0.0,0.0,0.0,0.0,0.0,0.0
random_14,1,3,0.0,0.0,0.0,0.0,0.0,0.0,0.0,0.0,0.0
random_14,2,3,0.0,0.0,0.0,0.0,0.0,0.0,0.0,0.0,0.0
random_14,3,3,0.0,0.0,0.0,0.0,0.0,0.0,0.0,0.0,0.0
random_14,4,3,0.0,0.0,0.0,0.0,0.0,0.0,0.0,0.0,0.0
random_14,5,3,0.0,0.0,0.0,0.0,0.0,0.0,0.0,0.0,0.0
random_14,6,3,0.0,0.0,0.0,0.0,0.0,0.0,0.0,0.0,0.0
random_14,7,3,0.0,0.0,0.0,0.0,0.0,0.0,0.0,0.0,0.0
random_14,8,3,0.0,0.0,0.0,0.0,0.0,0.0,0.0,0.0,0.0
random_14,0,4,0.0,0.0,0.0,0.0,0.0,0.0,0.0,0.0,0.0
random_14,1,4,0.0,0.0,0.0,0.0,0.0,0.0,0.0,0.0,0.0
random_14,2,4,0.0,0.0,0.0,0.0,0.0,0.0,0.0,0.0,0.0
random_14,3,4,0.0,0.0,0.0,0.0,0.0,0.0,0.0,0.0,0.0
random_14,4,4,0.0,0.0,0.0,0.0,0.0,0.0,0.0,0.0,0.0
random_14,5,4,0.0,0.0,0.0,0.0,0.0,0.0,0.0,0.0,0.0
random_14,6,4,0.0,0.0,0.0,0.0,0.0,0.0,0.0,0.0,0.0
random_14,7,4,0.0,0.0,0.0,0.0,0.0,0.0,0.0,0.0,0.0
random_14,8,4,0.0,0.0,0.0,0.0,0.0,0.0,0.0,0.0,0.0
random_14,0,5,0.0,0.0,0.0,0.0,0.0,0.0,0.0,0.0,0.0
random_14,1,5,0.0,0.0,0.0,0.0,0.0,0.0,0.0,0.0,0.0
random_14,2,5,0.0,0.0,0.0,0.0,0.0,0.0,0.0,0.0,0.0
random_14,3,5,0.0,0.0,0.0,0.0,0.0,0.0,0.0,0.0,0.0
random_14,4,5,0.0,0.0,0.0,0.0,0.0,0.0,0.0,0.0,0.0
random_14,5,5,0.0,0.0,0.0,0.0,0.0,0.0,0.0,0.0,0.0
random_14,6,5,0.0,0.0,0.0,0.0,0.0,0.0,0.0,0.0,0.0
random_14,7,5,0.0,0.0,0.0,0.0,0.0,0.0,0.0,0.0,0.0
random_14,8,5,0.0,0.0,0.0,0.0,0.0,0.0,0.0,0.0,0.0
random_15,0,1,0.0,0.0,0.0,0.0,0.0,0.0,0.0,0.0,0.0
random_15,1,1,0.0,0.0,0.0,0.0,0.0,0.0,0.0,0.0,0.0
random_15,2,1,0.0,0.0,0.0,0.0,0.0,0.0,0.0,0.0,0.0
random_15,3,1,0.0,0.0,0.0,0.0,0.0,0.0,0.0,0.0,0.0
random_15,4,1,0.0,0.0,0.0,0.0,0.0,0.0,0.0,0.0,0.0
random_15,5,1,0.0,0.0,0.0,0.0,0.0,0.0,0.0,0.0,0.0
random_15,6,1,0.0,0.0,0.0,0.0,0.0,0.0,0.0,0.0,0.0
random_15,7,1,0.0,0.0,0.0,0.0,0.0,0.0,0.0,0.0,0.0
random_15,8,1,0.0,0.0,0.0,0.0,0.0,0.0,0.0,0.0,0.0
random_15,0,2,0.0,0.0,0.0,0.0,0.0,0.0,0.0,0.0,0.0
random_15,1,2,0.0,0.0,0.0,0.0,0.0,0.0,0.0,0.0,0.0
random_15,2,2,0.0,0.0,0.0,0.0,0.0,0.0,0.0,0.0,0.0
random_15,3,2,0.0,0.0,0.0,0.0,0.0,0.0,0.0,0.0,0.0
random_15,4,2,0.0,0.0,0.0,0.0,0.0,0.0,0.0,0.0,0.0
random_15,5,2,0.0,0.0,0.0,0.0,0.0,0.0,0.0,0.0,0.0
random_15,6,2,0.0,0.0,0.0,0.0,0.0,0.0,0.0,0.0,0.0
random_15,7,2,0.0,0.0,0.0,0.0,0.0,0.0,0.0,0.0,0.0
random_15,8,2,0.0,0.0,0.0,0.0,0.0,0.0,0.0,0.0,0.0
random_15,0,3,0.0,0.0,0.0,0.0,0.0,0.0,0.0,0.0,0.0
random_15,1,3,0.0,0.0,0.0,0.0,0.0,0.0,0.0,0.0,0.0
random_15,2,3,0.0,0.0,0.0,0.0,0.0,0.0,0.0,0.0,0.0
random_15,3,3,0.0,0.0,0.0,0.0,0.0,0.0,0.0,0.0,0.0
random_15,4,3,0.0,0.0,0.0,0.0,0.0,0.0,0.0,0.0,0.0
random_15,5,3,0.0,0.0,0.0,0.0,0.0,0.0,0.0,0.0,0.0
random_15,6,3,0.0,0.0,0.0,0.0,0.0,0.0,0.0,0.0,0.0
random_15,7,3,0.0,0.0,0.0,0.0,0.0,0.0,0.0,0.0,0.0
random_15,8,3,0.0,0.0,0.0,0.0,0.0,0.0,0.0,0.0,0.0
random_15,0,4,0.0,0.0,0.0,0.0,0.0,0.0,0.0,0.0,0.0
random_15,1,4,0.0,0.0,0.0,0.0,0.0,0.0,0.0,0.0,0.0
random_15,2,4,0.0,0.0,0.0,0.0,0.0,0.0,0.0,0.0,0.0
random_15,3,4,0.0,0.0,0.0,0.0,0.0,0.0,0.0,0.0,0.0
random_15,4,4,0.0,0.0,0.0,0.0,0.0,0.0,0.0,0.0,0.0
random_15,5,4,0.0,0.0,0.0,0.0,0.0,0.0,0.0,0.0,0.0
random_15,6,4,0.0,0.0,0.0,0.0,0.0,0.0,0.0,0.0,0.0
random_15,7,4,0.0,0.0,0.0,0.0,0.0,0.0,0.0,0.0,0.0
random_15,8,4,0.0,0.0,0.0,0.0,0.0,0.0,0.0,0.0,0.0
random_15,0,5,0.0,0.0,0.0,0.0,0.0,0.0,0.0,0.0,0.0
random_15,1,5,0.0,0.0,0.0,0.0,0.0,0.0,0.0,0.0,0.0
random_15,2,5,0.0,0.0,0.0,0.0,0.0,0.0,0.0,0.0,0.0
random_15,3,5,0.0,0.0,0.0,0.0,0.0,0.0,0.0,0.0,0.0
random_15,4,5,0.0,0.0,0.0,0.0,0.0,0.0,0.0,0.0,0.0
random_15,5,5,0.0,0.0,0.0,0.0,0.0,0.0,0.0,0.0,0.0
random_15,6,5,0.0,0.0,0.0,0.0,0.0,0.0,0.0,0.0,0.0
random_15,7,5,0.0,0.0,0.0,0.0,0.0,0.0,0.0,0.0,0.0
random_15,8,5,0.0,0.0,0.0,0.0,0.0,0.0,0.0,0.0,0.0
random_16,0,1,0.0,0.0,0.0,0.0,0.0,0.0,0.0,0.0,0.0
random_16,1,1,0.0,0.0,0.0,0.0,0.0,0.0,0.0,0.0,0.0
random_16,2,1,0.0,0.0,0.0,0.0,0.0,0.0,0.0,0.0,0.0
random_16,3,1,0.0,0.0,0.0,0.0,0.0,0.0,0.0,0.0,0.0
random_16,4,1,0.0,0.0,0.0,0.0,0.0,0.0,0.0,0.0,0.0
random_16,5,1,0.0,0.0,0.0,0.0,0.0,0.0,0.0,0.0,0.0
random_16,6,1,0.0,0.0,0.0,0.0,0.0,0.0,0.0,0.0,0.0
random_16,7,1,0.0,0.0,0.0,0.0,0.0,0.0,0.0,0.0,0.0
random_16,8,1,0.0,0.0,0.0,0.0,0.0,0.0,0.0,0.0,0.0
random_16,0,2,0.0,0.0,0.0,0.0,0.0,0.0,0.0,0.0,0.0
random_16,1,2,0.0,0.0,0.0,0.0,0.0,0.0,0.0,0.0,0.0
random_16,2,2,0.0,0.0,0.0,0.0,0.0,0.0,0.0,0.0,0.0
random_16,3,2,0.0,0.0,0.0,0.0,0.0,0.0,0.0,0.0,0.0
random_16,4,2,0.0,0.0,0.0,0.0,0.0,0.0,0.0,0.0,0.0
random_16,5,2,0.0,0.0,0.0,0.0,0.0,0.0,0.0,0.0,0.0
random_16,6,2,0.0,0.0,0.0,0.0,0.0,0.0,0.0,0.0,0.0
random_16,7,2,0.0,0.0,0.0,0.0,0.0,0.0,0.0,0.0,0.0
random_16,8,2,0.0,0.0,0.0,0.0,0.0,0.0,0.0,0.0,0.0
random_16,0,3,0.0,0.0,0.0,0.0,0.0,0.0,0.0,0.0,0.0
random_16,1,3,0.0,0.0,0.0,0.0,0.0,0.0,0.0,0.0,0.0
random_16,2,3,0.0,0.0,0.0,0.0,0.0,0.0,0.0,0.0,0.0
random_16,3,3,0.0,0.0,0.0,0.0,0.0,0.0,0.0,0.0,0.0
random_16,4,3,0.0,0.0,0.0,0.0,0.0,0.0,0.0,0.0,0.0
random_16,5,3,0.0,0.0,0.0,0.0,0.0,0.0,0.0,0.0,0.0
random_16,6,3,0.0,0.0,0.0,0.0,0.0,0.0,0.0,0.0,0.0
random_16,7,3,0.0,0.0,0.0,0.0,0.0,0.0,0.0,0.0,0.0
random_16,8,3,0.0,0.0,0.0,0.0,0.0,0.0,0.0,0.0,0.0
random_16,0,4,0.0,0.0,0.0,0.0,0.0,0.0,0.0,0.0,0.0
random_16,1,4,0.0,0.0,0.0,0.0,0.0,0.0,0.0,0.0,0.0
random_16,2,4,0.0,0.0,0.0,0.0,0.0,0.0,0.0,0.0,0.0
random_16,3,4,0.0,0.0,0.0,0.0,0.0,0.0,0.0,0.0,0.0
random_16,4,4,0.0,0.0,0.0,0.0,0.0,0.0,0.0,0.0,0.0
random_16,5,4,0.0,0.0,0.0,0.0,0.0,0.0,0.0,0.0,0.0
random_16,6,4,0.0,0.0,0.0,0.0,0.0,0.0,0.0,0.0,0.0
random_16,7,4,0.0,0.0,0.0,0.0,0.0,0.0,0.0,0.0,0.0
random_16,8,4,0.0,0.0,0.0,0.0,0.0,0.0,0.0,0.0,0.0
random_16,0,5,0.0,0.0,0.0,0.0,0.0,0.0,0.0,0.0,0.0
random_16,1,5,0.0,0.0,0.0,0.0,0.0,0.0,0.0,0.0,0.0
random_16,2,5,0.0,0.0,0.0,0.0,0.0,0.0,0.0,0.0,0.0
random_16,3,5,0.0,0.0,0.0,0.0,0.0,0.0,0.0,0.0,0.0
random_16,4,5,0.0,0.0,0.0,0.0,0.0,0.0,0.0,0.0,0.0
random_16,5,5,0.0,0.0,0.0,0.0,0.0,0.0,0.0,0.0,0.0
random_16,6,5,0.0,0.0,0.0,0.0,0.0,0.0,0.0,0.0,0.0
random_16,7,5,0.0,0.0,0.0,0.0,0.0,0.0,0.0,0.0,0.0
random_16,8,5,0.0,0.0,0.0,0.0,0.0,0.0,0.0,0.0,0.0
random_17,0,1,0.0,0.0,0.0,0.0,0.0,0.0,0.0,0.0,0.0
random_17,1,1,0.0,0.0,0.0,0.0,0.0,0.0,0.0,0.0,0.0
random_17,2,1,0.0,0.0,0.0,0.0,0.0,0.0,0.0,0.0,0.0
random_17,3,1,0.0,0.0,0.0,0.0,0.0,0.0,0.0,0.0,0.0
random_17,4,1,0.0,0.0,0.0,0.0,0.0,0.0,0.0,0.0,0.0
random_17,5,1,0.0,0.0,0.0,0.0,0.0,0.0,0.0,0.0,0.0
random_17,6,1,0.0,0.0,0.0,0.0,0.0,0.0,0.0,0.0,0.0
random_17,7,1,0.0,0.0,0.0,0.0,0.0,0.0,0.0,0.0,0.0
random_17,8,1,0.0,0.0,0.0,0.0,0.0,0.0,0.0,0.0,0.0
random_17,0,2,0.0,0.0,0.0,0.0,0.0,0.0,0.0,0.0,0.0
random_17,1,2,0.0,0.0,0.0,0.0,0.0,0.0,0.0,0.0,0.0
random_17,2,2,0.0,0.0,0.0,0.0,0.0,0.0,0.0,0.0,0.0
random_17,3,2,0.0,0.0,0.0,0.0,0.0,0.0,0.0,0.0,0.0
random_17,4,2,0.0,0.0,0.0,0.0,0.0,0.0,0.0,0.0,0.0
random_17,5,2,0.0,0.0,0.0,0.0,0.0,0.0,0.0,0.0,0.0
random_17,6,2,0.0,0.0,0.0,0.0,0.0,0.0,0.0,0.0,0.0
random_17,7,2,0.0,0.0,0.0,0.0,0.0,0.0,0.0,0.0,0.0
random_17,8,2,0.0,0.0,0.0,0.0,0.0,0.0,0.0,0.0,0.0
random_17,0,3,0.0,0.0,0.0,0.0,0.0,0.0,0.0,0.0,0.0
random_17,1,3,0.0,0.0,0.0,0.0,0.0,0.0,0.0,0.0,0.0
random_17,2,3,0.0,0.0,0.0,0.0,0.0,0.0,0.0,0.0,0.0
random_17,3,3,0.0,0.0,0.0,0.0,0.0,0.0,0.0,0.0,0.0
random_17,4,3,0.0,0.0,0.0,0.0,0.0,0.0,0.0,0.0,0.0
random_17,5,3,0.0,0.0,0.0,0.0,0.0,0.0,0.0,0.0,0.0
random_17,6,3,0.0,0.0,0.0,0.0,0.0,0.0,0.0,0.0,0.0
random_17,7,3,0.0,0.0,0.0,0.0,0.0,0.0,0.0,0.0,0.0
random_17,8,3,0.0,0.0,0.0,0.0,0.0,0.0,0.0,0.0,0.0
random_17,0,4,0.0,0.0,0.0,0.0,0.0,0.0,0.0,0.0,0.0
random_17,1,4,0.0,0.0,0.0,0.0,0.0,0.0,0.0,0.0,0.0
random_17,2,4,0.0,0.0,0.0,0.0,0.0,0.0,0.0,0.0,0.0
random_17,3,4,0.0,0.0,0.0,0.0,0.0,0.0,0.0,0.0,0.0
random_17,4,4,0.0,0.0,0.0,0.0,0.0,0.0,0.0,0.0,0.0
random_17,5,4,0.0,0.0,0.0,0.0,0.0,0.0,0.0,0.0,0.0
random_17,6,4,0.0,0.0,0.0,0.0,0.0,0.0,0.0,0.0,0.0
random_17,7,4,0.0,0.0,0.0,0.0,0.0,0.0,0.0,0.0,0.0
random_17,8,4,0.0,0.0,0.0,0.0,0.0,0.0,0.0,0.0,0.0
random_17,0,5,0.0,0.0,0.0,0.0,0.0,0.0,0.0,0.0,0.0
random_17,1,5,0.0,0.0,0.0,0.0,0.0,0.0,0.0,0.0,0.0
random_17,2,5,0.0,0.0,0.0,0.0,0.0,0.0,0.0,0.0,0.0
random_17,3,5,0.0,0.0,0.0,0.0,0.0,0.0,0.0,0.0,0.0
random_17,4,5,0.0,0.0,0.0,0.0,0.0,0.0,0.0,0.0,0.0
random_17,5,5,0.0,0.0,0.0,0.0,0.0,0.0,0.0,0.0,0.0
random_17,6,5,0.0,0.0,0.0,0.0,0.0,0.0,0.0,0.0,0.0
random_17,7,5,0.0,0.0,0.0,0.0,0.0,0.0,0.0,0.0,0.0
random_17,8,5,0.0,0.0,0.0,0.0,0.0,0.0,0.0,0.0,0.0
random_18,0,1,0.0,0.0,0.0,0.0,0.0,0.0,0.0,0.0,0.0
random_18,1,1,0.0,0.0,0.0,0.0,0.0,0.0,0.0,0.0,0.0
random_18,2,1,0.0,0.0,0.0,0.0,0.0,0.0,0.0,0.0,0.0
random_18,3,1,0.0,0.0,0.0,0.0,0.0,0.0,0.0,0.0,0.0
random_18,4,1,0.0,0.0,0.0,0.0,0.0,0.0,0.0,0.0,0.0
random_18,5,1,0.0,0.0,0.0,0.0,0.0,0.0,0.0,0.0,0.0
random_18,6,1,0.0,0.0,0.0,0.0,0.0,0.0,0.0,0.0,0.0
random_18,7,1,0.0,0.0,0.0,0.0,0.0,0.0,0.0,0.0,0.0
random_18,8,1,0.0,0.0,0.0,0.0,0.0,0.0,0.0,0.0,0.0
random_18,0,2,0.0,0.0,0.0,0.0,0.0,0.0,0.0,0.0,0.0
random_18,1,2,0.0,0.0,0.0,0.0,0.0,0.0,0.0,0.0,0.0
random_18,2,2,0.0,0.0,0.0,0.0,0.0,0.0,0.0,0.0,0.0
random_18,3,2,0.0,0.0,0.0,0.0,0.0,0.0,0.0,0.0,0.0
random_18,4,2,0.0,0.0,0.0,0.0,0.0,0.0,0.0,0.0,0.0
random_18,5,2,0.0,0.0,0.0,0.0,0.0,0.0,0.0,0.0,0.0
random_18,6,2,0.0,0.0,0.0,0.0,0.0,0.0,0.0,0.0,0.0
random_18,7,2,0.0,0.0,0.0,0.0,0.0,0.0,0.0,0.0,0.0
random_18,8,2,0.0,0.0,0.0,0.0,0.0,0.0,0.0,0.0,0.0
random_18,0,3,0.0,0.0,0.0,0.0,0.0,0.0,0.0,0.0,0.0
random_18,1,3,0.0,0.0,0.0,0.0,0.0,0.0,0.0,0.0,0.0
random_18,2,3,0.0,0.0,0.0,0.0,0.0,0.0,0.0,0.0,0.0
random_18,3,3,0.0,0.0,0.0,0.0,0.0,0.0,0.0,0.0,0.0
random_18,4,3,0.0,0.0,0.0,0.0,0.0,0.0,0.0,0.0,0.0
random_18,5,3,0.0,0.0,0.0,0.0,0.0,0.0,0.0,0.0,0.0
random_18,6,3,0.0,0.0,0.0,0.0,0.0,0.0,0.0,0.0,0.0
random_18,7,3,0.0,0.0,0.0,0.0,0.0,0.0,0.0,0.0,0.0
random_18,8,3,0.0,0.0,0.0,0.0,0.0,0.0,0.0,0.0,0.0
random_18,0,4,0.0,0.0,0.0,0.0,0.0,0.0,0.0,0.0,0.0
random_18,1,4,0.0,0.0,0.0,0.0,0.0,0.0,0.0,0.0,0.0
random_18,2,4,0.0,0.0,0.0,0.0,0.0,0.0,0.0,0.0,0.0
random_18,3,4,0.0,0.0,0.0,0.0,0.0,0.0,0.0,0.0,0.0
random_18,4,4,0.0,0.0,0.0,0.0,0.0,0.0,0.0,0.0,0.0
random_18,5,4,0.0,0.0,0.0,0.0,0.0,0.0,0.0,0.0,0.0
random_18,6,4,0.0,0.0,0.0,0.0,0.0,0.0,0.0,0.0,0.0
random_18,7,4,0.0,0.0,0.0,0.0,0.0,0.0,0.0,0.0,0.0
random_18,8,4,0.0,0.0,0.0,0.0,0.0,0.0,0.0,0.0,0.0
random_18,0,5,0.0,0.0,0.0,0.0,0.0,0.0,0.0,0.0,0.0
random_18,1,5,0.0,0.0,0.0,0.0,0.0,0.0,0.0,0.0,0.0
random_18,2,5,0.0,0.0,0.0,0.0,0.0,0.0,0.0,0.0,0.0
random_18,3,5,0.0,0.0,0.0,0.0,0.0,0.0,0.0,0.0,0.0
random_18,4,5,0.0,0.0,0.0,0.0,0.0,0.0,0.0,0.0,0.0
random_18,5,5,0.0,0.0,0.0,0.0,0.0,0.0,0.0,0.0,0.0
random_18,6,5,0.0,0.0,0.0,0.0,0.0,0.0,0.0,0.0,0.0
random_18,7,5,0.0,0.0,0.0,0.0,0.0,0.0,0.0,0.0,0.0
random_18,8,5,0.0,0.0,0.0,0.0,0.0,0.0,0.0,0.0,0.0
random_19,0,1,0.0,0.0,0.0,0.0,0.0,0.0,0.0,0.0,0.0
random_19,1,1,0.0,0.0,0.0,0.0,0.0,0.0,0.0,0.0,0.0
random_19,2,1,0.0,0.0,0.0,0.0,0.0,0.0,0.0,0.0,0.0
random_19,3,1,0.0,0.0,0.0,0.0,0.0,0.0,0.0,0.0,0.0
random_19,4,1,0.0,0.0,0.0,0.0,0.0,0.0,0.0,0.0,0.0
random_19,5,1,0.0,0.0,0.0,0.0,0.0,0.0,0.0,0.0,0.0
random_19,6,1,0.0,0.0,0.0,0.0,0.0,0.0,0.0,0.0,0.0
random_19,7,1,0.0,0.0,0.0,0.0,0.0,0.0,0.0,0.0,0.0
random_19,8,1,0.0,0.0,0.0,0.0,0.0,0.0,0.0,0.0,0.0
random_19,0,2,0.0,0.0,0.0,0.0,0.0,0.0,0.0,0.0,0.0
random_19,1,2,0.0,0.0,0.0,0.0,0.0,0.0,0.0,0.0,0.0
random_19,2,2,0.0,0.0,0.0,0.0,0.0,0.0,0.0,0.0,0.0
random_19,3,2,0.0,0.0,0.0,0.0,0.0,0.0,0.0,0.0,0.0
random_19,4,2,0.0,0.0,0.0,0.0,0.0,0.0,0.0,0.0,0.0
random_19,5,2,0.0,0.0,0.0,0.0,0.0,0.0,0.0,0.0,0.0
random_19,6,2,0.0,0.0,0.0,0.0,0.0,0.0,0.0,0.0,0.0
random_19,7,2,0.0,0.0,0.0,0.0,0.0,0.0,0.0,0.0,0.0
random_19,8,2,0.0,0.0,0.0,0.0,0.0,0.0,0.0,0.0,0.0
random_19,0,3,0.0,0.0,0.0,0.0,0.0,0.0,0.0,0.0,0.0
random_19,1,3,0.0,0.0,0.0,0.0,0.0,0.0,0.0,0.0,0.0
random_19,2,3,0.0,0.0,0.0,0.0,0.0,0.0,0.0,0.0,0.0
random_19,3,3,0.0,0.0,0.0,0.0,0.0,0.0,0.0,0.0,0.0
random_19,4,3,0.0,0.0,0.0,0.0,0.0,0.0,0.0,0.0,0.0
random_19,5,3,0.0,0.0,0.0,0.0,0.0,0.0,0.0,0.0,0.0
random_19,6,3,0.0,0.0,0.0,0.0,0.0,0.0,0.0,0.0,0.0
random_19,7,3,0.0,0.0,0.0,0.0,0.0,0.0,0.0,0.0,0.0
random_19,8,3,0.0,0.0,0.0,0.0,0.0,0.0,0.0,0.0,0.0
random_19,0,4,0.0,0.0,0.0,0.0,0.0,0.0,0.0,0.0,0.0
random_19,1,4,0.0,0.0,0.0,0.0,0.0,0.0,0.0,0.0,0.0
random_19,2,4,0.0,0.0,0.0,0.0,0.0,0.0,0.0,0.0,0.0
random_19,3,4,0.0,0.0,0.0,0.0,0.0,0.0,0.0,0.0,0.0
random_19,4,4,0.0,0.0,0.0,0.0,0.0,0.0,0.0,0.0,0.0
random_19,5,4,0.0,0.0,0.0,0.0,0.0,0.0,0.0,0.0,0.0
random_19,6,4,0.0,0.0,0.0,0.0,0.0,0.0,0.0,0.0,0.0
random_19,7,4,0.0,0.0,0.0,0.0,0.0,0.0,0.0,0.0,0.0
random_19,8,4,0.0,0.0,0.0,0.0,0.0,0.0,0.0,0.0,0.0
random_19,0,5,0.0,0.0,0.0,0.0,0.0,0.0,0.0,0.0,0.0
random_19,1,5,0.0,0.0,0.0,0.0,0.0,0.0,0.0,0.0,0.0
random_19,2,5,0.0,0.0,0.0,0.0,0.0,0.0,0.0,0.0,0.0
random_19,3,5,0.0,0.0,0.0,0.0,0.0,0.0,0.0,0.0,0.0
random_19,4,5,0.0,0.0,0.0,0.0,0.0,0.0,0.0,0.0,0.0
random_19,5,5,0.0,0.0,0.0,0.0,0.0,0.0,0.0,0.0,0.0
random_19,6,5,0.0,0.0,0.0,0.0,0.0,0.0,0.0,0.0,0.0
random_19,7,5,0.0,0.0,0.0,0.0,0.0,0.0,0.0,0.0,0.0
random_19,8,5,0.0,0.0,0.0,0.0,0.0,0.0,0.0,0.0,0.0
random_20,0,1,0.0,0.0,0.0,0.0,0.0,0.0,0.0,0.0,0.0
random_20,1,1,0.0,0.0,0.0,0.0,0.0,0.0,0.0,0.0,0.0
random_20,2,1,0.0,0.0,0.0,0.0,0.0,0.0,0.0,0.0,0.0
random_20,3,1,0.0,0.0,0.0,0.0,0.0,0.0,0.0,0.0,0.0
random_20,4,1,0.0,0.0,0.0,0.0,0.0,0.0,0.0,0.0,0.0
random_20,5,1,0.0,0.0,0.0,0.0,0.0,0.0,0.0,0.0,0.0
random_20,6,1,0.0,0.0,0.0,0.0,0.0,0.0,0.0,0.0,0.0
random_20,7,1,0.0,0.0,0.0,0.0,0.0,0.0,0.0,0.0,0.0
random_20,8,1,0.0,0.0,0.0,0.0,0.0,0.0,0.0,0.0,0.0
random_20,0,2,0.0,0.0,0.0,0.0,0.0,0.0,0.0,0.0,0.0
random_20,1,2,0.0,0.0,0.0,0.0,0.0,0.0,0.0,0.0,0.0
random_20,2,2,0.0,0.0,0.0,0.0,0.0,0.0,0.0,0.0,0.0
random_20,3,2,0.0,0.0,0.0,0.0,0.0,0.0,0.0,0.0,0.0
random_20,4,2,0.0,0.0,0.0,0.0,0.0,0.0,0.0,0.0,0.0
random_20,5,2,0.0,0.0,0.0,0.0,0.0,0.0,0.0,0.0,0.0
random_20,6,2,0.0,0.0,0.0,0.0,0.0,0.0,0.0,0.0,0.0
random_20,7,2,0.0,0.0,0.0,0.0,0.0,0.0,0.0,0.0,0.0
random_20,8,2,0.0,0.0,0.0,0.0,0.0,0.0,0.0,0.0,0.0
random_20,0,3,0.0,0.0,0.0,0.0,0.0,0.0,0.0,0.0,0.0
random_20,1,3,0.0,0.0,0.0,0.0,0.0,0.0,0.0,0.0,0.0
random_20,2,3,0.0,0.0,0.0,0.0,0.0,0.0,0.0,0.0,0.0
random_20,3,3,0.0,0.0,0.0,0.0,0.0,0.0,0.0,0.0,0.0
random_20,4,3,0.0,0.0,0.0,0.0,0.0,0.0,0.0,0.0,0.0
random_20,5,3,0.0,0.0,0.0,0.0,0.0,0.0,0.0,0.0,0.0
random_20,6,3,0.0,0.0,0.0,0.0,0.0,0.0,0.0,0.0,0.0
random_20,7,3,0.0,0.0,0.0,0.0,0.0,0.0,0.0,0.0,0.0
random_20,8,3,0.0,0.0,0.0,0.0,0.0,0.0,0.0,0.0,0.0
random_20,0,4,0.0,0.0,0.0,0.0,0.0,0.0,0.0,0.0,0.0
random_20,1,4,0.0,0.0,0.0,0.0,0.0,0.0,0.0,0.0,0.0
random_20,2,4,0.0,0.0,0.0,0.0,0.0,0.0,0.0,0.0,0.0
random_20,3,4,0.0,0.0,0.0,0.0,0.0,0.0,0.0,0.0,0.0
random_20,4,4,0.0,0.0,0.0,0.0,0.0,0.0,0.0,0.0,0.0
random_20,5,4,0.0,0.0,0.0,0.0,0.0,0.0,0.0,0.0,0.0
random_20,6,4,0.0,0.0,0.0,0.0,0.0,0.0,0.0,0.0,0.0
random_20,7,4,0.0,0.0,0.0,0.0,0.0,0.0,0.0,0.0,0.0
random_20,8,4,0.0,0.0,0.0,0.0,0.0,0.0,0.0,0.0,0.0
random_20,0,5,0.0,0.0,0.0,0.0,0.0,0.0,0.0,0.0,0.0
random_20,1,5,0.0,0.0,0.0,0.0,0.0,0.0,0.0,0.0,0.0
random_20,2,5,0.0,0.0,0.0,0.0,0.0,0.0,0.0,0.0,0.0
random_20,3,5,0.0,0.0,0.0,0.0,0.0,0.0,0.0,0.0,0.0
random_20,4,5,0.0,0.0,0.0,0.0,0.0,0.0,0.0,0.0,0.0
random_20,5,5,0.0,0.0,0.0,0.0,0.0,0.0,0.0,0.0,0.0
random_20,6,5,0.0,0.0,0.0,0.0,0.0,0.0,0.0,0.0,0.0
random_20,7,5,0.0,0.0,0.0,0.0,0.0,0.0,0.0,0.0,0.0
random_20,8,5,0.0,0.0,0.0,0.0,0.0,0.0,0.0,0.0,0.0
clustered_1,0,1,0.0,0.0,0.0,0.0,0.0,0.0,0.0,0.0,0.0
clustered_1,1,1,0.0,0.0,0.0,0.0,0.0,0.0,0.0,0.0,0.0
clustered_1,2,1,0.0,0.0,0.0,0.0,0.0,0.0,0.0,0.0,0.0
clustered_1,3,1,0.0,0.0,0.0,0.0,0.0,0.0,0.0,0.0,0.0
clustered_1,4,1,0.0,0.0,0.0,0.0,0.0,0.0,0.0,0.0,0.0
clustered_1,5,1,0.0,0.0,0.0,0.0,0.0,0.0,0.0,0.0,0.0
clustered_1,6,1,0.0,0.0,0.0,0.0,0.0,0.0,0.0,0.0,0.0
clustered_1,7,1,0.0,0.0,0.0,0.0,0.0,0.0,0.0,0.0,0.0
clustered_1,8,1,0.0,0.0,0.0,0.0,0.0,0.0,0.0,0.0,0.0
clustered_1,0,2,0.0,0.0,0.0,0.0,0.0,0.0,0.0,0.0,0.0
clustered_1,1,2,0.0,0.0,0.0,0.0,0.0,0.0,0.0,0.0,0.0
clustered_1,2,2,0.0,0.0,0.0,0.0,0.0,0.0,0.0,0.0,0.0
clustered_1,3,2,0.0,0.0,0.0,0.0,0.0,0.0,0.0,0.0,0.0
clustered_1,4,2,0.0,0.0,0.0,0.0,0.0,0.0,0.0,0.0,0.0
clustered_1,5,2,0.0,0.0,0.0,0.0,0.0,0.0,0.0,0.0,0.0
clustered_1,6,2,0.0,0.0,0.0,0.0,0.0,0.0,0.0,0.0,0.0
clustered_1,7,2,0.0,0.0,0.0,0.0,0.0,0.0,0.0,0.0,0.0
clustered_1,8,2,0.0,0.0,0.0,0.0,0.0,0.0,0.0,0.0,0.0
clustered_1,0,3,0.0,0.0,0.0,0.0,0.0,0.0,0.0,0.0,0.0
clustered_1,1,3,0.0,0.0,0.0,0.0,0.0,0.0,0.0,0.0,0.0
clustered_1,2,3,0.0,0.0,0.0,0.0,0.0,0.0,0.0,0.0,0.0
clustered_1,3,3,0.0,0.0,0.0,0.0,0.0,0.0,0.0,0.0,0.0
clustered_1,4,3,0.0,0.0,0.0,0.0,0.0,0.0,0.0,0.0,0.0
clustered_1,5,3,0.0,0.0,0.0,0.0,0.0,0.0,0.0,0.0,0.0
clustered_1,6,3,0.0,0.0,0.0,0.0,0.0,0.0,0.0,0.0,0.0
clustered_1,7,3,0.0,0.0,0.0,0.0,0.0,0.0,0.0,0.0,0.0
clustered_1,8,3,0.0,0.0,0.0,0.0,0.0,0.0,0.0,0.0,0.0
clustered_1,0,4,0.0,0.0,0.0,0.0,0.0,0.0,0.0,0.0,0.0
clustered_1,1,4,0.0,0.0,0.0,0.0,0.0,0.0,0.0,0.0,0.0
clustered_1,2,4,0.0,0.0,0.0,0.0,0.0,0.0,0.0,0.0,0.0
clustered_1,3,4,0.0,0.0,0.0,0.0,0.0,0.0,0.0,0.0,0.0
clustered_1,4,4,0.0,0.0,0.0,0.0,0.0,0.0,0.0,0.0,0.0
clustered_1,5,4,0.0,0.0,0.0,0.0,0.0,0.0,0.0,0.0,0.0
clustered_1,6,4,0.0,0.0,0.0,0.0,0.0,0.0,0.0,0.0,0.0
clustered_1,7,4,0.0,0.0,0.0,0.0,0.0,0.0,0.0,0.0,0.0
clustered_1,8,4,0.0,0.0,0.0,0.0,0.0,0.0,0.0,0.0,0.0
clustered_1,0,5,0.0,0.0,0.0,0.0,0.0,0.0,0.0,0.0,0.0
clustered_1,1,5,0.0,0.0,0.0,0.0,0.0,0.0,0.0,0.0,0.0
clustered_1,2,5,0.0,0.0,0.0,0.0,0.0,0.0,0.0,0.0,0.0
clustered_1,3,5,0.0,0.0,0.0,0.0,0.0,0.0,0.0,0.0,0.0
clustered_1,4,5,0.0,0.0,0.0,0.0,0.0,0.0,0.0,0.0,0.0
clustered_1,5,5,0.0,0.0,0.0,0.0,0.0,0.0,0.0,0.0,0.0
clustered_1,6,5,0.0,0.0,0.0,0.0,0.0,0.0,0.0,0.0,0.0
clustered_1,7,5,0.0,0.0,0.0,0.0,0.0,0.0,0.0,0.0,0.0
clustered_1,8,5,0.0,0.0,0.0,0.0,0.0,0.0,0.0,0.0,0.0
clustered_2,0,1,0.0,0.0,0.0,0.0,0.0,0.0,0.0,0.0,0.0
clustered_2,1,1,0.0,0.0,0.0,0.0,0.0,0.0,0.0,0.0,0.0
clustered_2,2,1,0.0,0.0,0.0,0.0,0.0,0.0,0.0,0.0,0.0
clustered_2,3,1,0.0,0.0,0.0,0.0,0.0,0.0,0.0,0.0,0.0
clustered_2,4,1,0.0,0.0,0.0,0.0,0.0,0.0,0.0,0.0,0.0
clustered_2,5,1,0.0,0.0,0.0,0.0,0.0,0.0,0.0,0.0,0.0
clustered_2,6,1,0.0,0.0,0.0,0.0,0.0,0.0,0.0,0.0,0.0
clustered_2,7,1,0.0,0.0,0.0,0.0,0.0,0.0,0.0,0.0,0.0
clustered_2,8,1,0.0,0.0,0.0,0.0,0.0,0.0,0.0,0.0,0.0
clustered_2,0,2,0.0,0.0,0.0,0.0,0.0,0.0,0.0,0.0,0.0
clustered_2,1,2,0.0,0.0,0.0,0.0,0.0,0.0,0.0,0.0,0.0
clustered_2,2,2,0.0,0.0,0.0,0.0,0.0,0.0,0.0,0.0,0.0
clustered_2,3,2,0.0,0.0,0.0,0.0,0.0,0.0,0.0,0.0,0.0
clustered_2,4,2,0.0,0.0,0.0,0.0,0.0,0.0,0.0,0.0,0.0
clustered_2,5,2,0.0,0.0,0.0,0.0,0.0,0.0,0.0,0.0,0.0
clustered_2,6,2,0.0,0.0,0.0,0.0,0.0,0.0,0.0,0.0,0.0
clustered_2,7,2,0.0,0.0,0.0,0.0,0.0,0.0,0.0,0.0,0.0
clustered_2,8,2,0.0,0.0,0.0,0.0,0.0,0.0,0.0,0.0,0.0
clustered_2,0,3,0.0,0.0,0.0,0.0,0.0,0.0,0.0,0.0,0.0
clustered_2,1,3,0.0,0.0,0.0,0.0,0.0,0.0,0.0,0.0,0.0
clustered_2,2,3,0.0,0.0,0.0,0.0,0.0,0.0,0.0,0.0,0.0
clustered_2,3,3,0.0,0.0,0.0,0.0,0.0,0.0,0.0,0.0,0.0
clustered_2,4,3,0.0,0.0,0.0,0.0,0.0,0.0,0.0,0.0,0.0
clustered_2,5,3,0.0,0.0,0.0,0.0,0.0,0.0,0.0,0.0,0.0
clustered_2,6,3,0.0,0.0,0.0,0.0,0.0,0.0,0.0,0.0,0.0
clustered_2,7,3,0.0,0.0,0.0,0.0,0.0,0.0,0.0,0.0,0.0
clustered_2,8,3,0.0,0.0,0.0,0.0,0.0,0.0,0.0,0.0,0.0
clustered_2,0,4,0.0,0.0,0.0,0.0,0.0,0.0,0.0,0.0,0.0
clustered_2,1,4,0.0,0.0,0.0,0.0,0.0,0.0,0.0,0.0,0.0
clustered_2,2,4,0.0,0.0,0.0,0.0,0.0,0.0,0.0,0.0,0.0
clustered_2,3,4,0.0,0.0,0.0,0.0,0.0,0.0,0.0,0.0,0.0
clustered_2,4,4,0.0,0.0,0.0,0.0,0.0,0.0,0.0,0.0,0.0
clustered_2,5,4,0.0,0.0,0.0,0.0,0.0,0.0,0.0,0.0,0.0
clustered_2,6,4,0.0,0.0,0.0,0.0,0.0,0.0,0.0,0.0,0.0
clustered_2,7,4,0.0,0.0,0.0,0.0,0.0,0.0,0.0,0.0,0.0
clustered_2,8,4,0.0,0.0,0.0,0.0,0.0,0.0,0.0,0.0,0.0
clustered_2,0,5,0.0,0.0,0.0,0.0,0.0,0.0,0.0,0.0,0.0
clustered_2,1,5,0.0,0.0,0.0,0.0,0.0,0.0,0.0,0.0,0.0
clustered_2,2,5,0.0,0.0,0.0,0.0,0.0,0.0,0.0,0.0,0.0
clustered_2,3,5,0.0,0.0,0.0,0.0,0.0,0.0,0.0,0.0,0.0
clustered_2,4,5,0.0,0.0,0.0,0.0,0.0,0.0,0.0,0.0,0.0
clustered_2,5,5,0.0,0.0,0.0,0.0,0.0,0.0,0.0,0.0,0.0
clustered_2,6,5,0.0,0.0,0.0,0.0,0.0,0.0,0.0,0.0,0.0
clustered_2,7,5,0.0,0.0,0.0,0.0,0.0,0.0,0.0,0.0,0.0
clustered_2,8,5,0.0,0.0,0.0,0.0,0.0,0.0,0.0,0.0,0.0
clustered_3,0,1,0.0,0.0,0.0,0.0,0.0,0.0,0.0,0.0,0.0
clustered_3,1,1,0.0,0.0,0.0,0.0,0.0,0.0,0.0,0.0,0.0
clustered_3,2,1,0.0,0.0,0.0,0.0,0.0,0.0,0.0,0.0,0.0
clustered_3,3,1,0.0,0.0,0.0,0.0,0.0,0.0,0.0,0.0,0.0
clustered_3,4,1,0.0,0.0,0.0,0.0,0.0,0.0,0.0,0.0,0.0
clustered_3,5,1,0.0,0.0,0.0,0.0,0.0,0.0,0.0,0.0,0.0
clustered_3,6,1,0.0,0.0,0.0,0.0,0.0,0.0,0.0,0.0,0.0
clustered_3,7,1,0.0,0.0,0.0,0.0,0.0,0.0,0.0,0.0,0.0
clustered_3,8,1,0.0,0.0,0.0,0.0,0.0,0.0,0.0,0.0,0.0
clustered_3,0,2,0.0,0.0,0.0,0.0,0.0,0.0,0.0,0.0,0.0
clustered_3,1,2,0.0,0.0,0.0,0.0,0.0,0.0,0.0,0.0,0.0
clustered_3,2,2,0.0,0.0,0.0,0.0,0.0,0.0,0.0,0.0,0.0
clustered_3,3,2,0.0,0.0,0.0,0.0,0.0,0.0,0.0,0.0,0.0
clustered_3,4,2,0.0,0.0,0.0,0.0,0.0,0.0,0.0,0.0,0.0
clustered_3,5,2,0.0,0.0,0.0,0.0,0.0,0.0,0.0,0.0,0.0
clustered_3,6,2,0.0,0.0,0.0,0.0,0.0,0.0,0.0,0.0,0.0
clustered_3,7,2,0.0,0.0,0.0,0.0,0.0,0.0,0.0,0.0,0.0
clustered_3,8,2,0.0,0.0,0.0,0.0,0.0,0.0,0.0,0.0,0.0
clustered_3,0,3,0.0,0.0,0.0,0.0,0.0,0.0,0.0,0.0,0.0
clustered_3,1,3,0.0,0.0,0.0,0.0,0.0,0.0,0.0,0.0,0.0
clustered_3,2,3,0.0,0.0,0.0,0.0,0.0,0.0,0.0,0.0,0.0
clustered_3,3,3,0.0,0.0,0.0,0.0,0.0,0.0,0.0,0.0,0.0
clustered_3,4,3,0.0,0.0,0.0,0.0,0.0,0.0,0.0,0.0,0.0
clustered_3,5,3,0.0,0.0,0.0,0.0,0.0,0.0,0.0,0.0,0.0
clustered_3,6,3,0.0,0.0,0.0,0.0,0.0,0.0,0.0,0.0,0.0
clustered_3,7,3,0.0,0.0,0.0,0.0,0.0,0.0,0.0,0.0,0.0
clustered_3,8,3,0.0,0.0,0.0,0.0,0.0,0.0,0.0,0.0,0.0
clustered_3,0,4,0.0,0.0,0.0,0.0,0.0,0.0,0.0,0.0,0.0
clustered_3,1,4,0.0,0.0,0.0,0.0,0.0,0.0,0.0,0.0,0.0
clustered_3,2,4,0.0,0.0,0.0,0.0,0.0,0.0,0.0,0.0,0.0
clustered_3,3,4,0.0,0.0,0.0,0.0,0.0,0.0,0.0,0.0,0.0
clustered_3,4,4,0.0,0.0,0.0,0.0,0.0,0.0,0.0,0.0,0.0
clustered_3,5,4,0.0,0.0,0.0,0.0,0.0,0.0,0.0,0.0,0.0
clustered_3,6,4,0.0,0.0,0.0,0.0,0.0,0.0,0.0,0.0,0.0
clustered_3,7,4,0.0,0.0,0.0,0.0,0.0,0.0,0.0,0.0,0.0
clustered_3,8,4,0.0,0.0,0.0,0.0,0.0,0.0,0.0,0.0,0.0
clustered_3,0,5,0.0,0.0,0.0,0.0,0.0,0.0,0.0,0.0,0.0
clustered_3,1,5,0.0,0.0,0.0,0.0,0.0,0.0,0.0,0.0,0.0
clustered_3,2,5,0.0,0.0,0.0,0.0,0.0,0.0,0.0,0.0,0.0
clustered_3,3,5,0.0,0.0,0.0,0.0,0.0,0.0,0.0,0.0,0.0
clustered_3,4,5,0.0,0.0,0.0,0.0,0.0,0.0,0.0,0.0,0.0
clustered_3,5,5,0.0,0.0,0.0,0.0,0.0,0.0,0.0,0.0,0.0
clustered_3,6,5,0.0,0.0,0.0,0.0,0.0,0.0,0.0,0.0,0.0
clustered_3,7,5,0.0,0.0,0.0,0.0,0.0,0.0,0.0,0.0,0.0
clustered_3,8,5,0.0,0.0,0.0,0.0,0.0,0.0,0.0,0.0,0.0
clustered_4,0,1,0.0,0.0,0.0,0.0,0.0,0.0,0.0,0.0,0.0
clustered_4,1,1,0.0,0.0,0.0,0.0,0.0,0.0,0.0,0.0,0.0
clustered_4,2,1,0.0,0.0,0.0,0.0,0.0,0.0,0.0,0.0,0.0
clustered_4,3,1,0.0,0.0,0.0,0.0,0.0,0.0,0.0,0.0,0.0
clustered_4,4,1,0.0,0.0,0.0,0.0,0.0,0.0,0.0,0.0,0.0
clustered_4,5,1,0.0,0.0,0.0,0.0,0.0,0.0,0.0,0.0,0.0
clustered_4,6,1,0.0,0.0,0.0,0.0,0.0,0.0,0.0,0.0,0.0
clustered_4,7,1,0.0,0.0,0.0,0.0,0.0,0.0,0.0,0.0,0.0
clustered_4,8,1,0.0,0.0,0.0,0.0,0.0,0.0,0.0,0.0,0.0
clustered_4,0,2,0.0,0.0,0.0,0.0,0.0,0.0,0.0,0.0,0.0
clustered_4,1,2,0.0,0.0,0.0,0.0,0.0,0.0,0.0,0.0,0.0
clustered_4,2,2,0.0,0.0,0.0,0.0,0.0,0.0,0.0,0.0,0.0
clustered_4,3,2,0.0,0.0,0.0,0.0,0.0,0.0,0.0,0.0,0.0
clustered_4,4,2,0.0,0.0,0.0,0.0,0.0,0.0,0.0,0.0,0.0
clustered_4,5,2,0.0,0.0,0.0,0.0,0.0,0.0,0.0,0.0,0.0
clustered_4,6,2,0.0,0.0,0.0,0.0,0.0,0.0,0.0,0.0,0.0
clustered_4,7,2,0.0,0.0,0.0,0.0,0.0,0.0,0.0,0.0,0.0
clustered_4,8,2,0.0,0.0,0.0,0.0,0.0,0.0,0.0,0.0,0.0
clustered_4,0,3,0.0,0.0,0.0,0.0,0.0,0.0,0.0,0.0,0.0
clustered_4,1,3,0.0,0.0,0.0,0.0,0.0,0.0,0.0,0.0,0.0
clustered_4,2,3,0.0,0.0,0.0,0.0,0.0,0.0,0.0,0.0,0.0
clustered_4,3,3,0.0,0.0,0.0,0.0,0.0,0.0,0.0,0.0,0.0
clustered_4,4,3,0.0,0.0,0.0,0.0,0.0,0.0,0.0,0.0,0.0
clustered_4,5,3,0.0,0.0,0.0,0.0,0.0,0.0,0.0,0.0,0.0
clustered_4,6,3,0.0,0.0,0.0,0.0,0.0,0.0,0.0,0.0,0.0
clustered_4,7,3,0.0,0.0,0.0,0.0,0.0,0.0,0.0,0.0,0.0
clustered_4,8,3,0.0,0.0,0.0,0.0,0.0,0.0,0.0,0.0,0.0
clustered_4,0,4,0.0,0.0,0.0,0.0,0.0,0.0,0.0,0.0,0.0
clustered_4,1,4,0.0,0.0,0.0,0.0,0.0,0.0,0.0,0.0,0.0
clustered_4,2,4,0.0,0.0,0.0,0.0,0.0,0.0,0.0,0.0,0.0
clustered_4,3,4,0.0,0.0,0.0,0.0,0.0,0.0,0.0,0.0,0.0
clustered_4,4,4,0.0,0.0,0.0,0.0,0.0,0.0,0.0,0.0,0.0
clustered_4,5,4,0.0,0.0,0.0,0.0,0.0,0.0,0.0,0.0,0.0
clustered_4,6,4,0.0,0.0,0.0,0.0,0.0,0.0,0.0,0.0,0.0
clustered_4,7,4,0.0,0.0,0.0,0.0,0.0,0.0,0.0,0.0,0.0
clustered_4,8,4,0.0,0.0,0.0,0.0,0.0,0.0,0.0,0.0,0.0
clustered_4,0,5,0.0,0.0,0.0,0.0,0.0,0.0,0.0,0.0,0.0
clustered_4,1,5,0.0,0.0,0.0,0.0,0.0,0.0,0.0,0.0,0.0
clustered_4,2,5,0.0,0.0,0.0,0.0,0.0,0.0,0.0,0.0,0.0
clustered_4,3,5,0.0,0.0,0.0,0.0,0.0,0.0,0.0,0.0,0.0
clustered_4,4,5,0.0,0.0,0.0,0.0,0.0,0.0,0.0,0.0,0.0
clustered_4,5,5,0.0,0.0,0.0,0.0,0.0,0.0,0.0,0.0,0.0
clustered_4,6,5,0.0,0.0,0.0,0.0,0.0,0.0,0.0,0.0,0.0
clustered_4,7,5,0.0,0.0,0.0,0.0,0.0,0.0,0.0,0.0,0.0
clustered_4,8,5,0.0,0.0,0.0,0.0,0.0,0.0,0.0,0.0,0.0
clustered_5,0,1,0.0,0.0,0.0,0.0,0.0,0.0,0.0,0.0,0.0
clustered_5,1,1,0.0,0.0,0.0,0.0,0.0,0.0,0.0,0.0,0.0
clustered_5,2,1,0.0,0.0,0.0,0.0,0.0,0.0,0.0,0.0,0.0
clustered_5,3,1,0.0,0.0,0.0,0.0,0.0,0.0,0.0,0.0,0.0
clustered_5,4,1,0.0,0.0,0.0,0.0,0.0,0.0,0.0,0.0,0.0
clustered_5,5,1,0.0,0.0,0.0,0.0,0.0,0.0,0.0,0.0,0.0
clustered_5,6,1,0.0,0.0,0.0,0.0,0.0,0.0,0.0,0.0,0.0
clustered_5,7,1,0.0,0.0,0.0,0.0,0.0,0.0,0.0,0.0,0.0
clustered_5,8,1,0.0,0.0,0.0,0.0,0.0,0.0,0.0,0.0,0.0
clustered_5,0,2,0.0,0.0,0.0,0.0,0.0,0.0,0.0,0.0,0.0
clustered_5,1,2,0.0,0.0,0.0,0.0,0.0,0.0,0.0,0.0,0.0
clustered_5,2,2,0.0,0.0,0.0,0.0,0.0,0.0,0.0,0.0,0.0
clustered_5,3,2,0.0,0.0,0.0,0.0,0.0,0.0,0.0,0.0,0.0
clustered_5,4,2,0.0,0.0,0.0,0.0,0.0,0.0,0.0,0.0,0.0
clustered_5,5,2,0.0,0.0,0.0,0.0,0.0,0.0,0.0,0.0,0.0
clustered_5,6,2,0.0,0.0,0.0,0.0,0.0,0.0,0.0,0.0,0.0
clustered_5,7,2,0.0,0.0,0.0,0.0,0.0,0.0,0.0,0.0,0.0
clustered_5,8,2,0.0,0.0,0.0,0.0,0.0,0.0,0.0,0.0,0.0
clustered_5,0,3,0.0,0.0,0.0,0.0,0.0,0.0,0.0,0.0,0.0
clustered_5,1,3,0.0,0.0,0.0,0.0,0.0,0.0,0.0,0.0,0.0
clustered_5,2,3,0.0,0.0,0.0,0.0,0.0,0.0,0.0,0.0,0.0
clustered_5,3,3,0.0,0.0,0.0,0.0,0.0,0.0,0.0,0.0,0.0
clustered_5,4,3,0.0,0.0,0.0,0.0,0.0,0.0,0.0,0.0,0.0
clustered_5,5,3,0.0,0.0,0.0,0.0,0.0,0.0,0.0,0.0,0.0
clustered_5,6,3,0.0,0.0,0.0,0.0,0.0,0.0,0.0,0.0,0.0
clustered_5,7,3,0.0,0.0,0.0,0.0,0.0,0.0,0.0,0.0,0.0
clustered_5,8,3,0.0,0.0,0.0,0.0,0.0,0.0,0.0,0.0,0.0
clustered_5,0,4,0.0,0.0,0.0,0.0,0.0,0.0,0.0,0.0,0.0
clustered_5,1,4,0.0,0.0,0.0,0.0,0.0,0.0,0.0,0.0,0.0
clustered_5,2,4,0.0,0.0,0.0,0.0,0.0,0.0,0.0,0.0,0.0
clustered_5,3,4,0.0,0.0,0.0,0.0,0.0,0.0,0.0,0.0,0.0
clustered_5,4,4,0.0,0.0,0.0,0.0,0.0,0.0,0.0,0.0,0.0
clustered_5,5,4,0.0,0.0,0.0,0.0,0.0,0.0,0.0,0.0,0.0
clustered_5,6,4,0.0,0.0,0.0,0.0,0.0,0.0,0.0,0.0,0.0
clustered_5,7,4,0.0,0.0,0.0,0.0,0.0,0.0,0.0,0.0,0.0
clustered_5,8,4,0.0,0.0,0.0,0.0,0.0,0.0,0.0,0.0,0.0
clustered_5,0,5,0.0,0.0,0.0,0.0,0.0,0.0,0.0,0.0,0.0
clustered_5,1,5,0.0,0.0,0.0,0.0,0.0,0.0,0.0,0.0,0.0
clustered_5,2,5,0.0,0.0,0.0,0.0,0.0,0.0,0.0,0.0,0.0
clustered_5,3,5,0.0,0.0,0.0,0.0,0.0,0.0,0.0,0.0,0.0
clustered_5,4,5,0.0,0.0,0.0,0.0,0.0,0.0,0.0,0.0,0.0
clustered_5,5,5,0.0,0.0,0.0,0.0,0.0,0.0,0.0,0.0,0.0
clustered_5,6,5,0.0,0.0,0.0,0.0,0.0,0.0,0.0,0.0,0.0
clustered_5,7,5,0.0,0.0,0.0,0.0,0.0,0.0,0.0,0.0,0.0
clustered_5,8,5,0.0,0.0,0.0,0.0,0.0,0.0,0.0,0.0,0.0
clustered_6,0,1,0.0,0.0,0.0,0.0,0.0,0.0,0.0,0.0,0.0
clustered_6,1,1,0.0,0.0,0.0,0.0,0.0,0.0,0.0,0.0,0.0
clustered_6,2,1,0.0,0.0,0.0,0.0,0.0,0.0,0.0,0.0,0.0
clustered_6,3,1,0.0,0.0,0.0,0.0,0.0,0.0,0.0,0.0,0.0
clustered_6,4,1,0.0,0.0,0.0,0.0,0.0,0.0,0.0,0.0,0.0
clustered_6,5,1,0.0,0.0,0.0,0.0,0.0,0.0,0.0,0.0,0.0
clustered_6,6,1,0.0,0.0,0.0,0.0,0.0,0.0,0.0,0.0,0.0
clustered_6,7,1,0.0,0.0,0.0,0.0,0.0,0.0,0.0,0.0,0.0
clustered_6,8,1,0.0,0.0,0.0,0.0,0.0,0.0,0.0,0.0,0.0
clustered_6,0,2,0.0,0.0,0.0,0.0,0.0,0.0,0.0,0.0,0.0
clustered_6,1,2,0.0,0.0,0.0,0.0,0.0,0.0,0.0,0.0,0.0
clustered_6,2,2,0.0,0.0,0.0,0.0,0.0,0.0,0.0,0.0,0.0
clustered_6,3,2,0.0,0.0,0.0,0.0,0.0,0.0,0.0,0.0,0.0
clustered_6,4,2,0.0,0.0,0.0,0.0,0.0,0.0,0.0,0.0,0.0
clustered_6,5,2,0.0,0.0,0.0,0.0,0.0,0.0,0.0,0.0,0.0
clustered_6,6,2,0.0,0.0,0.0,0.0,0.0,0.0,0.0,0.0,0.0
clustered_6,7,2,0.0,0.0,0.0,0.0,0.0,0.0,0.0,0.0,0.0
clustered_6,8,2,0.0,0.0,0.0,0.0,0.0,0.0,0.0,0.0,0.0
clustered_6,0,3,0.0,0.0,0.0,0.0,0.0,0.0,0.0,0.0,0.0
clustered_6,1,3,0.0,0.0,0.0,0.0,0.0,0.0,0.0,0.0,0.0
clustered_6,2,3,0.0,0.0,0.0,0.0,0.0,0.0,0.0,0.0,0.0
clustered_6,3,3,0.0,0.0,0.0,0.0,0.0,0.0,0.0,0.0,0.0
clustered_6,4,3,0.0,0.0,0.0,0.0,0.0,0.0,0.0,0.0,0.0
clustered_6,5,3,0.0,0.0,0.0,0.0,0.0,0.0,0.0,0.0,0.0
clustered_6,6,3,0.0,0.0,0.0,0.0,0.0,0.0,0.0,0.0,0.0
clustered_6,7,3,0.0,0.0,0.0,0.0,0.0,0.0,0.0,0.0,0.0
clustered_6,8,3,0.0,0.0,0.0,0.0,0.0,0.0,0.0,0.0,0.0
clustered_6,0,4,0.0,0.0,0.0,0.0,0.0,0.0,0.0,0.0,0.0
clustered_6,1,4,0.0,0.0,0.0,0.0,0.0,0.0,0.0,0.0,0.0
clustered_6,2,4,0.0,0.0,0.0,0.0,0.0,0.0,0.0,0.0,0.0
clustered_6,3,4,0.0,0.0,0.0,0.0,0.0,0.0,0.0,0.0,0.0
clustered_6,4,4,0.0,0.0,0.0,0.0,0.0,0.0,0.0,0.0,0.0
clustered_6,5,4,0.0,0.0,0.0,0.0,0.0,0.0,0.0,0.0,0.0
clustered_6,6,4,0.0,0.0,0.0,0.0,0.0,0.0,0.0,0.0,0.0
clustered_6,7,4,0.0,0.0,0.0,0.0,0.0,0.0,0.0,0.0,0.0
clustered_6,8,4,0.0,0.0,0.0,0.0,0.0,0.0,0.0,0.0,0.0
clustered_6,0,5,0.0,0.0,0.0,0.0,0.0,0.0,0.0,0.0,0.0
clustered_6,1,5,0.0,0.0,0.0,0.0,0.0,0.0,0.0,0.0,0.0
clustered_6,2,5,0.0,0.0,0.0,0.0,0.0,0.0,0.0,0.0,0.0
clustered_6,3,5,0.0,0.0,0.0,0.0,0.0,0.0,0.0,0.0,0.0
clustered_6,4,5,0.0,0.0,0.0,0.0,0.0,0.0,0.0,0.0,0.0
clustered_6,5,5,0.0,0.0,0.0,0.0,0.0,0.0,0.0,0.0,0.0
clustered_6,6,5,0.0,0.0,0.0,0.0,0.0,0.0,0.0,0.0,0.0
clustered_6,7,5,0.0,0.0,0.0,0.0,0.0,0.0,0.0,0.0,0.0
clustered_6,8,5,0.0,0.0,0.0,0.0,0.0,0.0,0.0,0.0,0.0
clustered_7,0,1,0.0,0.0,0.0,0.0,0.0,0.0,0.0,0.0,0.0
clustered_7,1,1,0.0,0.0,0.0,0.0,0.0,0.0,0.0,0.0,0.0
clustered_7,2,1,0.0,0.0,0.0,0.0,0.0,0.0,0.0,0.0,0.0
clustered_7,3,1,0.0,0.0,0.0,0.0,0.0,0.0,0.0,0.0,0.0
clustered_7,4,1,0.0,0.0,0.0,0.0,0.0,0.0,0.0,0.0,0.0
clustered_7,5,1,0.0,0.0,0.0,0.0,0.0,0.0,0.0,0.0,0.0
clustered_7,6,1,0.0,0.0,0.0,0.0,0.0,0.0,0.0,0.0,0.0
clustered_7,7,1,0.0,0.0,0.0,0.0,0.0,0.0,0.0,0.0,0.0
clustered_7,8,1,0.0,0.0,0.0,0.0,0.0,0.0,0.0,0.0,0.0
clustered_7,0,2,0.0,0.0,0.0,0.0,0.0,0.0,0.0,0.0,0.0
clustered_7,1,2,0.0,0.0,0.0,0.0,0.0,0.0,0.0,0.0,0.0
clustered_7,2,2,0.0,0.0,0.0,0.0,0.0,0.0,0.0,0.0,0.0
clustered_7,3,2,0.0,0.0,0.0,0.0,0.0,0.0,0.0,0.0,0.0
clustered_7,4,2,0.0,0.0,0.0,0.0,0.0,0.0,0.0,0.0,0.0
clustered_7,5,2,0.0,0.0,0.0,0.0,0.0,0.0,0.0,0.0,0.0
clustered_7,6,2,0.0,0.0,0.0,0.0,0.0,0.0,0.0,0.0,0.0
clustered_7,7,2,0.0,0.0,0.0,0.0,0.0,0.0,0.0,0.0,0.0
clustered_7,8,2,0.0,0.0,0.0,0.0,0.0,0.0,0.0,0.0,0.0
clustered_7,0,3,0.0,0.0,0.0,0.0,0.0,0.0,0.0,0.0,0.0
clustered_7,1,3,0.0,0.0,0.0,0.0,0.0,0.0,0.0,0.0,0.0
clustered_7,2,3,0.0,0.0,0.0,0.0,0.0,0.0,0.0,0.0,0.0
clustered_7,3,3,0.0,0.0,0.0,0.0,0.0,0.0,0.0,0.0,0.0
clustered_7,4,3,0.0,0.0,0.0,0.0,0.0,0.0,0.0,0.0,0.0
clustered_7,5,3,0.0,0.0,0.0,0.0,0.0,0.0,0.0,0.0,0.0
clustered_7,6,3,0.0,0.0,0.0,0.0,0.0,0.0,0.0,0.0,0.0
clustered_7,7,3,0.0,0.0,0.0,0.0,0.0,0.0,0.0,0.0,0.0
clustered_7,8,3,0.0,0.0,0.0,0.0,0.0,0.0,0.0,0.0,0.0
clustered_7,0,4,0.0,0.0,0.0,0.0,0.0,0.0,0.0,0.0,0.0
clustered_7,1,4,0.0,0.0,0.0,0.0,0.0,0.0,0.0,0.0,0.0
clustered_7,2,4,0.0,0.0,0.0,0.0,0.0,0.0,0.0,0.0,0.0
clustered_7,3,4,0.0,0.0,0.0,0.0,0.0,0.0,0.0,0.0,0.0
clustered_7,4,4,0.0,0.0,0.0,0.0,0.0,0.0,0.0,0.0,0.0
clustered_7,5,4,0.0,0.0,0.0,0.0,0.0,0.0,0.0,0.0,0.0
clustered_7,6,4,0.0,0.0,0.0,0.0,0.0,0.0,0.0,0.0,0.0
clustered_7,7,4,0.0,0.0,0.0,0.0,0.0,0.0,0.0,0.0,0.0
clustered_7,8,4,0.0,0.0,0.0,0.0,0.0,0.0,0.0,0.0,0.0
clustered_7,0,5,0.0,0.0,0.0,0.0,0.0,0.0,0.0,0.0,0.0
clustered_7,1,5,0.0,0.0,0.0,0.0,0.0,0.0,0.0,0.0,0.0
clustered_7,2,5,0.0,0.0,0.0,0.0,0.0,0.0,0.0,0.0,0.0
clustered_7,3,5,0.0,0.0,0.0,0.0,0.0,0.0,0.0,0.0,0.0
clustered_7,4,5,0.0,0.0,0.0,0.0,0.0,0.0,0.0,0.0,0.0
clustered_7,5,5,0.0,0.0,0.0,0.0,0.0,0.0,0.0,0.0,0.0
clustered_7,6,5,0.0,0.0,0.0,0.0,0.0,0.0,0.0,0.0,0.0
clustered_7,7,5,0.0,0.0,0.0,0.0,0.0,0.0,0.0,0.0,0.0
clustered_7,8,5,0.0,0.0,0.0,0.0,0.0,0.0,0.0,0.0,0.0
clustered_8,0,1,0.0,0.0,0.0,0.0,0.0,0.0,0.0,0.0,0.0
clustered_8,1,1,0.0,0.0,0.0,0.0,0.0,0.0,0.0,0.0,0.0
clustered_8,2,1,0.0,0.0,0.0,0.0,0.0,0.0,0.0,0.0,0.0
clustered_8,3,1,0.0,0.0,0.0,0.0,0.0,0.0,0.0,0.0,0.0
clustered_8,4,1,0.0,0.0,0.0,0.0,0.0,0.0,0.0,0.0,0.0
clustered_8,5,1,0.0,0.0,0.0,0.0,0.0,0.0,0.0,0.0,0.0
clustered_8,6,1,0.0,0.0,0.0,0.0,0.0,0.0,0.0,0.0,0.0
clustered_8,7,1,0.0,0.0,0.0,0.0,0.0,0.0,0.0,0.0,0.0
clustered_8,8,1,0.0,0.0,0.0,0.0,0.0,0.0,0.0,0.0,0.0
clustered_8,0,2,0.0,0.0,0.0,0.0,0.0,0.0,0.0,0.0,0.0
clustered_8,1,2,0.0,0.0,0.0,0.0,0.0,0.0,0.0,0.0,0.0
clustered_8,2,2,0.0,0.0,0.0,0.0,0.0,0.0,0.0,0.0,0.0
clustered_8,3,2,0.0,0.0,0.0,0.0,0.0,0.0,0.0,0.0,0.0
clustered_8,4,2,0.0,0.0,0.0,0.0,0.0,0.0,0.0,0.0,0.0
clustered_8,5,2,0.0,0.0,0.0,0.0,0.0,0.0,0.0,0.0,0.0
clustered_8,6,2,0.0,0.0,0.0,0.0,0.0,0.0,0.0,0.0,0.0
clustered_8,7,2,0.0,0.0,0.0,0.0,0.0,0.0,0.0,0.0,0.0
clustered_8,8,2,0.0,0.0,0.0,0.0,0.0,0.0,0.0,0.0,0.0
clustered_8,0,3,0.0,0.0,0.0,0.0,0.0,0.0,0.0,0.0,0.0
clustered_8,1,3,0.0,0.0,0.0,0.0,0.0,0.0,0.0,0.0,0.0
clustered_8,2,3,0.0,0.0,0.0,0.0,0.0,0.0,0.0,0.0,0.0
clustered_8,3,3,0.0,0.0,0.0,0.0,0.0,0.0,0.0,0.0,0.0
clustered_8,4,3,0.0,0.0,0.0,0.0,0.0,0.0,0.0,0.0,0.0
clustered_8,5,3,0.0,0.0,0.0,0.0,0.0,0.0,0.0,0.0,0.0
clustered_8,6,3,0.0,0.0,0.0,0.0,0.0,0.0,0.0,0.0,0.0
clustered_8,7,3,0.0,0.0,0.0,0.0,0.0,0.0,0.0,0.0,0.0
clustered_8,8,3,0.0,0.0,0.0,0.0,0.0,0.0,0.0,0.0,0.0
clustered_8,0,4,0.0,0.0,0.0,0.0,0.0,0.0,0.0,0.0,0.0
clustered_8,1,4,0.0,0.0,0.0,0.0,0.0,0.0,0.0,0.0,0.0
clustered_8,2,4,0.0,0.0,0.0,0.0,0.0,0.0,0.0,0.0,0.0
clustered_8,3,4,0.0,0.0,0.0,0.0,0.0,0.0,0.0,0.0,0.0
clustered_8,4,4,0.0,0.0,0.0,0.0,0.0,0.0,0.0,0.0,0.0
clustered_8,5,4,0.0,0.0,0.0,0.0,0.0,0.0,0.0,0.0,0.0
clustered_8,6,4,0.0,0.0,0.0,0.0,0.0,0.0,0.0,0.0,0.0
clustered_8,7,4,0.0,0.0,0.0,0.0,0.0,0.0,0.0,0.0,0.0
clustered_8,8,4,0.0,0.0,0.0,0.0,0.0,0.0,0.0,0.0,0.0
clustered_8,0,5,0.0,0.0,0.0,0.0,0.0,0.0,0.0,0.0,0.0
clustered_8,1,5,0.0,0.0,0.0,0.0,0.0,0.0,0.0,0.0,0.0
clustered_8,2,5,0.0,0.0,0.0,0.0,0.0,0.0,0.0,0.0,0.0
clustered_8,3,5,0.0,0.0,0.0,0.0,0.0,0.0,0.0,0.0,0.0
clustered_8,4,5,0.0,0.0,0.0,0.0,0.0,0.0,0.0,0.0,0.0
clustered_8,5,5,0.0,0.0,0.0,0.0,0.0,0.0,0.0,0.0,0.0
clustered_8,6,5,0.0,0.0,0.0,0.0,0.0,0.0,0.0,0.0,0.0
clustered_8,7,5,0.0,0.0,0.0,0.0,0.0,0.0,0.0,0.0,0.0
clustered_8,8,5,0.0,0.0,0.0,0.0,0.0,0.0,0.0,0.0,0.0
clustered_9,0,1,0.0,0.0,0.0,0.0,0.0,0.0,0.0,0.0,0.0
clustered_9,1,1,0.0,0.0,0.0,0.0,0.0,0.0,0.0,0.0,0.0
clustered_9,2,1,0.0,0.0,0.0,0.0,0.0,0.0,0.0,0.0,0.0
clustered_9,3,1,0.0,0.0,0.0,0.0,0.0,0.0,0.0,0.0,0.0
clustered_9,4,1,0.0,0.0,0.0,0.0,0.0,0.0,0.0,0.0,0.0
clustered_9,5,1,0.0,0.0,0.0,0.0,0.0,0.0,0.0,0.0,0.0
clustered_9,6,1,0.0,0.0,0.0,0.0,0.0,0.0,0.0,0.0,0.0
clustered_9,7,1,0.0,0.0,0.0,0.0,0.0,0.0,0.0,0.0,0.0
clustered_9,8,1,0.0,0.0,0.0,0.0,0.0,0.0,0.0,0.0,0.0
clustered_9,0,2,0.0,0.0,0.0,0.0,0.0,0.0,0.0,0.0,0.0
clustered_9,1,2,0.0,0.0,0.0,0.0,0.0,0.0,0.0,0.0,0.0
clustered_9,2,2,0.0,0.0,0.0,0.0,0.0,0.0,0.0,0.0,0.0
clustered_9,3,2,0.0,0.0,0.0,0.0,0.0,0.0,0.0,0.0,0.0
clustered_9,4,2,0.0,0.0,0.0,0.0,0.0,0.0,0.0,0.0,0.0
clustered_9,5,2,0.0,0.0,0.0,0.0,0.0,0.0,0.0,0.0,0.0
clustered_9,6,2,0.0,0.0,0.0,0.0,0.0,0.0,0.0,0.0,0.0
clustered_9,7,2,0.0,0.0,0.0,0.0,0.0,0.0,0.0,0.0,0.0
clustered_9,8,2,0.0,0.0,0.0,0.0,0.0,0.0,0.0,0.0,0.0
clustered_9,0,3,0.0,0.0,0.0,0.0,0.0,0.0,0.0,0.0,0.0
clustered_9,1,3,0.0,0.0,0.0,0.0,0.0,0.0,0.0,0.0,0.0
clustered_9,2,3,0.0,0.0,0.0,0.0,0.0,0.0,0.0,0.0,0.0
clustered_9,3,3,0.0,0.0,0.0,0.0,0.0,0.0,0.0,0.0,0.0
clustered_9,4,3,0.0,0.0,0.0,0.0,0.0,0.0,0.0,0.0,0.0
clustered_9,5,3,0.0,0.0,0.0,0.0,0.0,0.0,0.0,0.0,0.0
clustered_9,6,3,0.0,0.0,0.0,0.0,0.0,0.0,0.0,0.0,0.0
clustered_9,7,3,0.0,0.0,0.0,0.0,0.0,0.0,0.0,0.0,0.0
clustered_9,8,3,0.0,0.0,0.0,0.0,0.0,0.0,0.0,0.0,0.0
clustered_9,0,4,0.0,0.0,0.0,0.0,0.0,0.0,0.0,0.0,0.0
clustered_9,1,4,0.0,0.0,0.0,0.0,0.0,0.0,0.0,0.0,0.0
clustered_9,2,4,0.0,0.0,0.0,0.0,0.0,0.0,0.0,0.0,0.0
clustered_9,3,4,0.0,0.0,0.0,0.0,0.0,0.0,0.0,0.0,0.0
clustered_9,4,4,0.0,0.0,0.0,0.0,0.0,0.0,0.0,0.0,0.0
clustered_9,5,4,0.0,0.0,0.0,0.0,0.0,0.0,0.0,0.0,0.0
clustered_9,6,4,0.0,0.0,0.0,0.0,0.0,0.0,0.0,0.0,0.0
clustered_9,7,4,0.0,0.0,0.0,0.0,0.0,0.0,0.0,0.0,0.0
clustered_9,8,4,0.0,0.0,0.0,0.0,0.0,0.0,0.0,0.0,0.0
clustered_9,0,5,0.0,0.0,0.0,0.0,0.0,0.0,0.0,0.0,0.0
clustered_9,1,5,0.0,0.0,0.0,0.0,0.0,0.0,0.0,0.0,0.0
clustered_9,2,5,0.0,0.0,0.0,0.0,0.0,0.0,0.0,0.0,0.0
clustered_9,3,5,0.0,0.0,0.0,0.0,0.0,0.0,0.0,0.0,0.0
clustered_9,4,5,0.0,0.0,0.0,0.0,0.0,0.0,0.0,0.0,0.0
clustered_9,5,5,0.0,0.0,0.0,0.0,0.0,0.0,0.0,0.0,0.0
clustered_9,6,5,0.0,0.0,0.0,0.0,0.0,0.0,0.0,0.0,0.0
clustered_9,7,5,0.0,0.0,0.0,0.0,0.0,0.0,0.0,0.0,0.0
clustered_9,8,5,0.0,0.0,0.0,0.0,0.0,0.0,0.0,0.0,0.0
clustered_10,0,1,0.0,0.0,0.0,0.0,0.0,0.0,0.0,0.0,0.0
clustered_10,1,1,0.0,0.0,0.0,0.0,0.0,0.0,0.0,0.0,0.0
clustered_10,2,1,0.0,0.0,0.0,0.0,0.0,0.0,0.0,0.0,0.0
clustered_10,3,1,0.0,0.0,0.0,0.0,0.0,0.0,0.0,0.0,0.0
clustered_10,4,1,0.0,0.0,0.0,0.0,0.0,0.0,0.0,0.0,0.0
clustered_10,5,1,0.0,0.0,0.0,0.0,0.0,0.0,0.0,0.0,0.0
clustered_10,6,1,0.0,0.0,0.0,0.0,0.0,0.0,0.0,0.0,0.0
clustered_10,7,1,0.0,0.0,0.0,0.0,0.0,0.0,0.0,0.0,0.0
clustered_10,8,1,0.0,0.0,0.0,0.0,0.0,0.0,0.0,0.0,0.0
clustered_10,0,2,0.0,0.0,0.0,0.0,0.0,0.0,0.0,0.0,0.0
clustered_10,1,2,0.0,0.0,0.0,0.0,0.0,0.0,0.0,0.0,0.0
clustered_10,2,2,0.0,0.0,0.0,0.0,0.0,0.0,0.0,0.0,0.0
clustered_10,3,2,0.0,0.0,0.0,0.0,0.0,0.0,0.0,0.0,0.0
clustered_10,4,2,0.0,0.0,0.0,0.0,0.0,0.0,0.0,0.0,0.0
clustered_10,5,2,0.0,0.0,0.0,0.0,0.0,0.0,0.0,0.0,0.0
clustered_10,6,2,0.0,0.0,0.0,0.0,0.0,0.0,0.0,0.0,0.0
clustered_10,7,2,0.0,0.0,0.0,0.0,0.0,0.0,0.0,0.0,0.0
clustered_10,8,2,0.0,0.0,0.0,0.0,0.0,0.0,0.0,0.0,0.0
clustered_10,0,3,0.0,0.0,0.0,0.0,0.0,0.0,0.0,0.0,0.0
clustered_10,1,3,0.0,0.0,0.0,0.0,0.0,0.0,0.0,0.0,0.0
clustered_10,2,3,0.0,0.0,0.0,0.0,0.0,0.0,0.0,0.0,0.0
clustered_10,3,3,0.0,0.0,0.0,0.0,0.0,0.0,0.0,0.0,0.0
clustered_10,4,3,0.0,0.0,0.0,0.0,0.0,0.0,0.0,0.0,0.0
clustered_10,5,3,0.0,0.0,0.0,0.0,0.0,0.0,0.0,0.0,0.0
clustered_10,6,3,0.0,0.0,0.0,0.0,0.0,0.0,0.0,0.0,0.0
clustered_10,7,3,0.0,0.0,0.0,0.0,0.0,0.0,0.0,0.0,0.0
clustered_10,8,3,0.0,0.0,0.0,0.0,0.0,0.0,0.0,0.0,0.0
clustered_10,0,4,0.0,0.0,0.0,0.0,0.0,0.0,0.0,0.0,0.0
clustered_10,1,4,0.0,0.0,0.0,0.0,0.0,0.0,0.0,0.0,0.0
clustered_10,2,4,0.0,0.0,0.0,0.0,0.0,0.0,0.0,0.0,0.0
clustered_10,3,4,0.0,0.0,0.0,0.0,0.0,0.0,0.0,0.0,0.0
clustered_10,4,4,0.0,0.0,0.0,0.0,0.0,0.0,0.0,0.0,0.0
clustered_10,5,4,0.0,0.0,0.0,0.0,0.0,0.0,0.0,0.0,0.0
clustered_10,6,4,0.0,0.0,0.0,0.0,0.0,0.0,0.0,0.0,0.0
clustered_10,7,4,0.0,0.0,0.0,0.0,0.0,0.0,0.0,0.0,0.0
clustered_10,8,4,0.0,0.0,0.0,0.0,0.0,0.0,0.0,0.0,0.0
clustered_10,0,5,0.0,0.0,0.0,0.0,0.0,0.0,0.0,0.0,0.0
clustered_10,1,5,0.0,0.0,0.0,0.0,0.0,0.0,0.0,0.0,0.0
clustered_10,2,5,0.0,0.0,0.0,0.0,0.0,0.0,0.0,0.0,0.0
clustered_10,3,5,0.0,0.0,0.0,0.0,0.0,0.0,0.0,0.0,0.0
clustered_10,4,5,0.0,0.0,0.0,0.0,0.0,0.0,0.0,0.0,0.0
clustered_10,5,5,0.0,0.0,0.0,0.0,0.0,0.0,0.0,0.0,0.0
clustered_10,6,5,0.0,0.0,0.0,0.0,0.0,0.0,0.0,0.0,0.0
clustered_10,7,5,0.0,0.0,0.0,0.0,0.0,0.0,0.0,0.0,0.0
clustered_10,8,5,0.0,0.0,0.0,0.0,0.0,0.0,0.0,0.0,0.0
clustered_11,0,1,0.0,0.0,0.0,0.0,0.0,0.0,0.0,0.0,0.0
clustered_11,1,1,0.0,0.0,0.0,0.0,0.0,0.0,0.0,0.0,0.0
clustered_11,2,1,0.0,0.0,0.0,0.0,0.0,0.0,0.0,0.0,0.0
clustered_11,3,1,0.0,0.0,0.0,0.0,0.0,0.0,0.0,0.0,0.0
clustered_11,4,1,0.0,0.0,0.0,0.0,0.0,0.0,0.0,0.0,0.0
clustered_11,5,1,0.0,0.0,0.0,0.0,0.0,0.0,0.0,0.0,0.0
clustered_11,6,1,0.0,0.0,0.0,0.0,0.0,0.0,0.0,0.0,0.0
clustered_11,7,1,0.0,0.0,0.0,0.0,0.0,0.0,0.0,0.0,0.0
clustered_11,8,1,0.0,0.0,0.0,0.0,0.0,0.0,0.0,0.0,0.0
clustered_11,0,2,0.0,0.0,0.0,0.0,0.0,0.0,0.0,0.0,0.0
clustered_11,1,2,0.0,0.0,0.0,0.0,0.0,0.0,0.0,0.0,0.0
clustered_11,2,2,0.0,0.0,0.0,0.0,0.0,0.0,0.0,0.0,0.0
clustered_11,3,2,0.0,0.0,0.0,0.0,0.0,0.0,0.0,0.0,0.0
clustered_11,4,2,0.0,0.0,0.0,0.0,0.0,0.0,0.0,0.0,0.0
clustered_11,5,2,0.0,0.0,0.0,0.0,0.0,0.0,0.0,0.0,0.0
clustered_11,6,2,0.0,0.0,0.0,0.0,0.0,0.0,0.0,0.0,0.0
clustered_11,7,2,0.0,0.0,0.0,0.0,0.0,0.0,0.0,0.0,0.0
clustered_11,8,2,0.0,0.0,0.0,0.0,0.0,0.0,0.0,0.0,0.0
clustered_11,0,3,0.0,0.0,0.0,0.0,0.0,0.0,0.0,0.0,0.0
clustered_11,1,3,0.0,0.0,0.0,0.0,0.0,0.0,0.0,0.0,0.0
clustered_11,2,3,0.0,0.0,0.0,0.0,0.0,0.0,0.0,0.0,0.0
clustered_11,3,3,0.0,0.0,0.0,0.0,0.0,0.0,0.0,0.0,0.0
clustered_11,4,3,0.0,0.0,0.0,0.0,0.0,0.0,0.0,0.0,0.0
clustered_11,5,3,0.0,0.0,0.0,0.0,0.0,0.0,0.0,0.0,0.0
clustered_11,6,3,0.0,0.0,0.0,0.0,0.0,0.0,0.0,0.0,0.0
clustered_11,7,3,0.0,0.0,0.0,0.0,0.0,0.0,0.0,0.0,0.0
clustered_11,8,3,0.0,0.0,0.0,0.0,0.0,0.0,0.0,0.0,0.0
clustered_11,0,4,0.0,0.0,0.0,0.0,0.0,0.0,0.0,0.0,0.0
clustered_11,1,4,0.0,0.0,0.0,0.0,0.0,0.0,0.0,0.0,0.0
clustered_11,2,4,0.0,0.0,0.0,0.0,0.0,0.0,0.0,0.0,0.0
clustered_11,3,4,0.0,0.0,0.0,0.0,0.0,0.0,0.0,0.0,0.0
clustered_11,4,4,0.0,0.0,0.0,0.0,0.0,0.0,0.0,0.0,0.0
clustered_11,5,4,0.0,0.0,0.0,0.0,0.0,0.0,0.0,0.0,0.0
clustered_11,6,4,0.0,0.0,0.0,0.0,0.0,0.0,0.0,0.0,0.0
clustered_11,7,4,0.0,0.0,0.0,0.0,0.0,0.0,0.0,0.0,0.0
clustered_11,8,4,0.0,0.0,0.0,0.0,0.0,0.0,0.0,0.0,0.0
clustered_11,0,5,0.0,0.0,0.0,0.0,0.0,0.0,0.0,0.0,0.0
clustered_11,1,5,0.0,0.0,0.0,0.0,0.0,0.0,0.0,0.0,0.0
clustered_11,2,5,0.0,0.0,0.0,0.0,0.0,0.0,0.0,0.0,0.0
clustered_11,3,5,0.0,0.0,0.0,0.0,0.0,0.0,0.0,0.0,0.0
clustered_11,4,5,0.0,0.0,0.0,0.0,0.0,0.0,0.0,0.0,0.0
clustered_11,5,5,0.0,0.0,0.0,0.0,0.0,0.0,0.0,0.0,0.0
clustered_11,6,5,0.0,0.0,0.0,0.0,0.0,0.0,0.0,0.0,0.0
clustered_11,7,5,0.0,0.0,0.0,0.0,0.0,0.0,0.0,0.0,0.0
clustered_11,8,5,0.0,0.0,0.0,0.0,0.0,0.0,0.0,0.0,0.0
clustered_12,0,1,0.0,0.0,0.0,0.0,0.0,0.0,0.0,0.0,0.0
clustered_12,1,1,0.0,0.0,0.0,0.0,0.0,0.0,0.0,0.0,0.0
clustered_12,2,1,0.0,0.0,0.0,0.0,0.0,0.0,0.0,0.0,0.0
clustered_12,3,1,0.0,0.0,0.0,0.0,0.0,0.0,0.0,0.0,0.0
clustered_12,4,1,0.0,0.0,0.0,0.0,0.0,0.0,0.0,0.0,0.0
clustered_12,5,1,0.0,0.0,0.0,0.0,0.0,0.0,0.0,0.0,0.0
clustered_12,6,1,0.0,0.0,0.0,0.0,0.0,0.0,0.0,0.0,0.0
clustered_12,7,1,0.0,0.0,0.0,0.0,0.0,0.0,0.0,0.0,0.0
clustered_12,8,1,0.0,0.0,0.0,0.0,0.0,0.0,0.0,0.0,0.0
clustered_12,0,2,0.0,0.0,0.0,0.0,0.0,0.0,0.0,0.0,0.0
clustered_12,1,2,0.0,0.0,0.0,0.0,0.0,0.0,0.0,0.0,0.0
clustered_12,2,2,0.0,0.0,0.0,0.0,0.0,0.0,0.0,0.0,0.0
clustered_12,3,2,0.0,0.0,0.0,0.0,0.0,0.0,0.0,0.0,0.0
clustered_12,4,2,0.0,0.0,0.0,0.0,0.0,0.0,0.0,0.0,0.0
clustered_12,5,2,0.0,0.0,0.0,0.0,0.0,0.0,0.0,0.0,0.0
clustered_12,6,2,0.0,0.0,0.0,0.0,0.0,0.0,0.0,0.0,0.0
clustered_12,7,2,0.0,0.0,0.0,0.0,0.0,0.0,0.0,0.0,0.0
clustered_12,8,2,0.0,0.0,0.0,0.0,0.0,0.0,0.0,0.0,0.0
clustered_12,0,3,0.0,0.0,0.0,0.0,0.0,0.0,0.0,0.0,0.0
clustered_12,1,3,0.0,0.0,0.0,0.0,0.0,0.0,0.0,0.0,0.0
clustered_12,2,3,0.0,0.0,0.0,0.0,0.0,0.0,0.0,0.0,0.0
clustered_12,3,3,0.0,0.0,0.0,0.0,0.0,0.0,0.0,0.0,0.0
clustered_12,4,3,0.0,0.0,0.0,0.0,0.0,0.0,0.0,0.0,0.0
clustered_12,5,3,0.0,0.0,0.0,0.0,0.0,0.0,0.0,0.0,0.0
clustered_12,6,3,0.0,0.0,0.0,0.0,0.0,0.0,0.0,0.0,0.0
clustered_12,7,3,0.0,0.0,0.0,0.0,0.0,0.0,0.0,0.0,0.0
clustered_12,8,3,0.0,0.0,0.0,0.0,0.0,0.0,0.0,0.0,0.0
clustered_12,0,4,0.0,0.0,0.0,0.0,0.0,0.0,0.0,0.0,0.0
clustered_12,1,4,0.0,0.0,0.0,0.0,0.0,0.0,0.0,0.0,0.0
clustered_12,2,4,0.0,0.0,0.0,0.0,0.0,0.0,0.0,0.0,0.0
clustered_12,3,4,0.0,0.0,0.0,0.0,0.0,0.0,0.0,0.0,0.0
clustered_12,4,4,0.0,0.0,0.0,0.0,0.0,0.0,0.0,0.0,0.0
clustered_12,5,4,0.0,0.0,0.0,0.0,0.0,0.0,0.0,0.0,0.0
clustered_12,6,4,0.0,0.0,0.0,0.0,0.0,0.0,0.0,0.0,0.0
clustered_12,7,4,0.0,0.0,0.0,0.0,0.0,0.0,0.0,0.0,0.0
clustered_12,8,4,0.0,0.0,0.0,0.0,0.0,0.0,0.0,0.0,0.0
clustered_12,0,5,0.0,0.0,0.0,0.0,0.0,0.0,0.0,0.0,0.0
clustered_12,1,5,0.0,0.0,0.0,0.0,0.0,0.0,0.0,0.0,0.0
clustered_12,2,5,0.0,0.0,0.0,0.0,0.0,0.0,0.0,0.0,0.0
clustered_12,3,5,0.0,0.0,0.0,0.0,0.0,0.0,0.0,0.0,0.0
clustered_12,4,5,0.0,0.0,0.0,0.0,0.0,0.0,0.0,0.0,0.0
clustered_12,5,5,0.0,0.0,0.0,0.0,0.0,0.0,0.0,0.0,0.0
clustered_12,6,5,0.0,0.0,0.0,0.0,0.0,0.0,0.0,0.0,0.0
clustered_12,7,5,0.0,0.0,0.0,0.0,0.0,0.0,0.0,0.0,0.0
clustered_12,8,5,0.0,0.0,0.0,0.0,0.0,0.0,0.0,0.0,0.0
clustered_13,0,1,0.0,0.0,0.0,0.0,0.0,0.0,0.0,0.0,0.0
clustered_13,1,1,0.0,0.0,0.0,0.0,0.0,0.0,0.0,0.0,0.0
clustered_13,2,1,0.0,0.0,0.0,0.0,0.0,0.0,0.0,0.0,0.0
clustered_13,3,1,0.0,0.0,0.0,0.0,0.0,0.0,0.0,0.0,0.0
clustered_13,4,1,0.0,0.0,0.0,0.0,0.0,0.0,0.0,0.0,0.0
clustered_13,5,1,0.0,0.0,0.0,0.0,0.0,0.0,0.0,0.0,0.0
clustered_13,6,1,0.0,0.0,0.0,0.0,0.0,0.0,0.0,0.0,0.0
clustered_13,7,1,0.0,0.0,0.0,0.0,0.0,0.0,0.0,0.0,0.0
clustered_13,8,1,0.0,0.0,0.0,0.0,0.0,0.0,0.0,0.0,0.0
clustered_13,0,2,0.0,0.0,0.0,0.0,0.0,0.0,0.0,0.0,0.0
clustered_13,1,2,0.0,0.0,0.0,0.0,0.0,0.0,0.0,0.0,0.0
clustered_13,2,2,0.0,0.0,0.0,0.0,0.0,0.0,0.0,0.0,0.0
clustered_13,3,2,0.0,0.0,0.0,0.0,0.0,0.0,0.0,0.0,0.0
clustered_13,4,2,0.0,0.0,0.0,0.0,0.0,0.0,0.0,0.0,0.0
clustered_13,5,2,0.0,0.0,0.0,0.0,0.0,0.0,0.0,0.0,0.0
clustered_13,6,2,0.0,0.0,0.0,0.0,0.0,0.0,0.0,0.0,0.0
clustered_13,7,2,0.0,0.0,0.0,0.0,0.0,0.0,0.0,0.0,0.0
clustered_13,8,2,0.0,0.0,0.0,0.0,0.0,0.0,0.0,0.0,0.0
clustered_13,0,3,0.0,0.0,0.0,0.0,0.0,0.0,0.0,0.0,0.0
clustered_13,1,3,0.0,0.0,0.0,0.0,0.0,0.0,0.0,0.0,0.0
clustered_13,2,3,0.0,0.0,0.0,0.0,0.0,0.0,0.0,0.0,0.0
clustered_13,3,3,0.0,0.0,0.0,0.0,0.0,0.0,0.0,0.0,0.0
clustered_13,4,3,0.0,0.0,0.0,0.0,0.0,0.0,0.0,0.0,0.0
clustered_13,5,3,0.0,0.0,0.0,0.0,0.0,0.0,0.0,0.0,0.0
clustered_13,6,3,0.0,0.0,0.0,0.0,0.0,0.0,0.0,0.0,0.0
clustered_13,7,3,0.0,0.0,0.0,0.0,0.0,0.0,0.0,0.0,0.0
clustered_13,8,3,0.0,0.0,0.0,0.0,0.0,0.0,0.0,0.0,0.0
clustered_13,0,4,0.0,0.0,0.0,0.0,0.0,0.0,0.0,0.0,0.0
clustered_13,1,4,0.0,0.0,0.0,0.0,0.0,0.0,0.0,0.0,0.0
clustered_13,2,4,0.0,0.0,0.0,0.0,0.0,0.0,0.0,0.0,0.0
clustered_13,3,4,0.0,0.0,0.0,0.0,0.0,0.0,0.0,0.0,0.0
clustered_13,4,4,0.0,0.0,0.0,0.0,0.0,0.0,0.0,0.0,0.0
clustered_13,5,4,0.0,0.0,0.0,0.0,0.0,0.0,0.0,0.0,0.0
clustered_13,6,4,0.0,0.0,0.0,0.0,0.0,0.0,0.0,0.0,0.0
clustered_13,7,4,0.0,0.0,0.0,0.0,0.0,0.0,0.0,0.0,0.0
clustered_13,8,4,0.0,0.0,0.0,0.0,0.0,0.0,0.0,0.0,0.0
clustered_13,0,5,0.0,0.0,0.0,0.0,0.0,0.0,0.0,0.0,0.0
clustered_13,1,5,0.0,0.0,0.0,0.0,0.0,0.0,0.0,0.0,0.0
clustered_13,2,5,0.0,0.0,0.0,0.0,0.0,0.0,0.0,0.0,0.0
clustered_13,3,5,0.0,0.0,0.0,0.0,0.0,0.0,0.0,0.0,0.0
clustered_13,4,5,0.0,0.0,0.0,0.0,0.0,0.0,0.0,0.0,0.0
clustered_13,5,5,0.0,0.0,0.0,0.0,0.0,0.0,0.0,0.0,0.0
clustered_13,6,5,0.0,0.0,0.0,0.0,0.0,0.0,0.0,0.0,0.0
clustered_13,7,5,0.0,0.0,0.0,0.0,0.0,0.0,0.0,0.0,0.0
clustered_13,8,5,0.0,0.0,0.0,0.0,0.0,0.0,0.0,0.0,0.0
clustered_14,0,1,0.0,0.0,0.0,0.0,0.0,0.0,0.0,0.0,0.0
clustered_14,1,1,0.0,0.0,0.0,0.0,0.0,0.0,0.0,0.0,0.0
clustered_14,2,1,0.0,0.0,0.0,0.0,0.0,0.0,0.0,0.0,0.0
clustered_14,3,1,0.0,0.0,0.0,0.0,0.0,0.0,0.0,0.0,0.0
clustered_14,4,1,0.0,0.0,0.0,0.0,0.0,0.0,0.0,0.0,0.0
clustered_14,5,1,0.0,0.0,0.0,0.0,0.0,0.0,0.0,0.0,0.0
clustered_14,6,1,0.0,0.0,0.0,0.0,0.0,0.0,0.0,0.0,0.0
clustered_14,7,1,0.0,0.0,0.0,0.0,0.0,0.0,0.0,0.0,0.0
clustered_14,8,1,0.0,0.0,0.0,0.0,0.0,0.0,0.0,0.0,0.0
clustered_14,0,2,0.0,0.0,0.0,0.0,0.0,0.0,0.0,0.0,0.0
clustered_14,1,2,0.0,0.0,0.0,0.0,0.0,0.0,0.0,0.0,0.0
clustered_14,2,2,0.0,0.0,0.0,0.0,0.0,0.0,0.0,0.0,0.0
clustered_14,3,2,0.0,0.0,0.0,0.0,0.0,0.0,0.0,0.0,0.0
clustered_14,4,2,0.0,0.0,0.0,0.0,0.0,0.0,0.0,0.0,0.0
clustered_14,5,2,0.0,0.0,0.0,0.0,0.0,0.0,0.0,0.0,0.0
clustered_14,6,2,0.0,0.0,0.0,0.0,0.0,0.0,0.0,0.0,0.0
clustered_14,7,2,0.0,0.0,0.0,0.0,0.0,0.0,0.0,0.0,0.0
clustered_14,8,2,0.0,0.0,0.0,0.0,0.0,0.0,0.0,0.0,0.0
clustered_14,0,3,0.0,0.0,0.0,0.0,0.0,0.0,0.0,0.0,0.0
clustered_14,1,3,0.0,0.0,0.0,0.0,0.0,0.0,0.0,0.0,0.0
clustered_14,2,3,0.0,0.0,0.0,0.0,0.0,0.0,0.0,0.0,0.0
clustered_14,3,3,0.0,0.0,0.0,0.0,0.0,0.0,0.0,0.0,0.0
clustered_14,4,3,0.0,0.0,0.0,0.0,0.0,0.0,0.0,0.0,0.0
clustered_14,5,3,0.0,0.0,0.0,0.0,0.0,0.0,0.0,0.0,0.0
clustered_14,6,3,0.0,0.0,0.0,0.0,0.0,0.0,0.0,0.0,0.0
clustered_14,7,3,0.0,0.0,0.0,0.0,0.0,0.0,0.0,0.0,0.0
clustered_14,8,3,0.0,0.0,0.0,0.0,0.0,0.0,0.0,0.0,0.0
clustered_14,0,4,0.0,0.0,0.0,0.0,0.0,0.0,0.0,0.0,0.0
clustered_14,1,4,0.0,0.0,0.0,0.0,0.0,0.0,0.0,0.0,0.0
clustered_14,2,4,0.0,0.0,0.0,0.0,0.0,0.0,0.0,0.0,0.0
clustered_14,3,4,0.0,0.0,0.0,0.0,0.0,0.0,0.0,0.0,0.0
clustered_14,4,4,0.0,0.0,0.0,0.0,0.0,0.0,0.0,0.0,0.0
clustered_14,5,4,0.0,0.0,0.0,0.0,0.0,0.0,0.0,0.0,0.0
clustered_14,6,4,0.0,0.0,0.0,0.0,0.0,0.0,0.0,0.0,0.0
clustered_14,7,4,0.0,0.0,0.0,0.0,0.0,0.0,0.0,0.0,0.0
clustered_14,8,4,0.0,0.0,0.0,0.0,0.0,0.0,0.0,0.0,0.0
clustered_14,0,5,0.0,0.0,0.0,0.0,0.0,0.0,0.0,0.0,0.0
clustered_14,1,5,0.0,0.0,0.0,0.0,0.0,0.0,0.0,0.0,0.0
clustered_14,2,5,0.0,0.0,0.0,0.0,0.0,0.0,0.0,0.0,0.0
clustered_14,3,5,0.0,0.0,0.0,0.0,0.0,0.0,0.0,0.0,0.0
clustered_14,4,5,0.0,0.0,0.0,0.0,0.0,0.0,0.0,0.0,0.0
clustered_14,5,5,0.0,0.0,0.0,0.0,0.0,0.0,0.0,0.0,0.0
clustered_14,6,5,0.0,0.0,0.0,0.0,0.0,0.0,0.0,0.0,0.0
clustered_14,7,5,0.0,0.0,0.0,0.0,0.0,0.0,0.0,0.0,0.0
clustered_14,8,5,0.0,0.0,0.0,0.0,0.0,0.0,0.0,0.0,0.0
clustered_15,0,1,0.0,0.0,0.0,0.0,0.0,0.0,0.0,0.0,0.0
clustered_15,1,1,0.0,0.0,0.0,0.0,0.0,0.0,0.0,0.0,0.0
clustered_15,2,1,0.0,0.0,0.0,0.0,0.0,0.0,0.0,0.0,0.0
clustered_15,3,1,0.0,0.0,0.0,0.0,0.0,0.0,0.0,0.0,0.0
clustered_15,4,1,0.0,0.0,0.0,0.0,0.0,0.0,0.0,0.0,0.0
clustered_15,5,1,0.0,0.0,0.0,0.0,0.0,0.0,0.0,0.0,0.0
clustered_15,6,1,0.0,0.0,0.0,0.0,0.0,0.0,0.0,0.0,0.0
clustered_15,7,1,0.0,0.0,0.0,0.0,0.0,0.0,0.0,0.0,0.0
clustered_15,8,1,0.0,0.0,0.0,0.0,0.0,0.0,0.0,0.0,0.0
clustered_15,0,2,0.0,0.0,0.0,0.0,0.0,0.0,0.0,0.0,0.0
clustered_15,1,2,0.0,0.0,0.0,0.0,0.0,0.0,0.0,0.0,0.0
clustered_15,2,2,0.0,0.0,0.0,0.0,0.0,0.0,0.0,0.0,0.0
clustered_15,3,2,0.0,0.0,0.0,0.0,0.0,0.0,0.0,0.0,0.0
clustered_15,4,2,0.0,0.0,0.0,0.0,0.0,0.0,0.0,0.0,0.0
clustered_15,5,2,0.0,0.0,0.0,0.0,0.0,0.0,0.0,0.0,0.0
clustered_15,6,2,0.0,0.0,0.0,0.0,0.0,0.0,0.0,0.0,0.0
clustered_15,7,2,0.0,0.0,0.0,0.0,0.0,0.0,0.0,0.0,0.0
clustered_15,8,2,0.0,0.0,0.0,0.0,0.0,0.0,0.0,0.0,0.0
clustered_15,0,3,0.0,0.0,0.0,0.0,0.0,0.0,0.0,0.0,0.0
clustered_15,1,3,0.0,0.0,0.0,0.0,0.0,0.0,0.0,0.0,0.0
clustered_15,2,3,0.0,0.0,0.0,0.0,0.0,0.0,0.0,0.0,0.0
clustered_15,3,3,0.0,0.0,0.0,0.0,0.0,0.0,0.0,0.0,0.0
clustered_15,4,3,0.0,0.0,0.0,0.0,0.0,0.0,0.0,0.0,0.0
clustered_15,5,3,0.0,0.0,0.0,0.0,0.0,0.0,0.0,0.0,0.0
clustered_15,6,3,0.0,0.0,0.0,0.0,0.0,0.0,0.0,0.0,0.0
clustered_15,7,3,0.0,0.0,0.0,0.0,0.0,0.0,0.0,0.0,0.0
clustered_15,8,3,0.0,0.0,0.0,0.0,0.0,0.0,0.0,0.0,0.0
clustered_15,0,4,0.0,0.0,0.0,0.0,0.0,0.0,0.0,0.0,0.0
clustered_15,1,4,0.0,0.0,0.0,0.0,0.0,0.0,0.0,0.0,0.0
clustered_15,2,4,0.0,0.0,0.0,0.0,0.0,0.0,0.0,0.0,0.0
clustered_15,3,4,0.0,0.0,0.0,0.0,0.0,0.0,0.0,0.0,0.0
clustered_15,4,4,0.0,0.0,0.0,0.0,0.0,0.0,0.0,0.0,0.0
clustered_15,5,4,0.0,0.0,0.0,0.0,0.0,0.0,0.0,0.0,0.0
clustered_15,6,4,0.0,0.0,0.0,0.0,0.0,0.0,0.0,0.0,0.0
clustered_15,7,4,0.0,0.0,0.0,0.0,0.0,0.0,0.0,0.0,0.0
clustered_15,8,4,0.0,0.0,0.0,0.0,0.0,0.0,0.0,0.0,0.0
clustered_15,0,5,0.0,0.0,0.0,0.0,0.0,0.0,0.0,0.0,0.0
clustered_15,1,5,0.0,0.0,0.0,0.0,0.0,0.0,0.0,0.0,0.0
clustered_15,2,5,0.0,0.0,0.0,0.0,0.0,0.0,0.0,0.0,0.0
clustered_15,3,5,0.0,0.0,0.0,0.0,0.0,0.0,0.0,0.0,0.0
clustered_15,4,5,0.0,0.0,0.0,0.0,0.0,0.0,0.0,0.0,0.0
clustered_15,5,5,0.0,0.0,0.0,0.0,0.0,0.0,0.0,0.0,0.0
clustered_15,6,5,0.0,0.0,0.0,0.0,0.0,0.0,0.0,0.0,0.0
clustered_15,7,5,0.0,0.0,0.0,0.0,0.0,0.0,0.0,0.0,0.0
clustered_15,8,5,0.0,0.0,0.0,0.0,0.0,0.0,0.0,0.0,0.0
clustered_16,0,1,0.0,0.0,0.0,0.0,0.0,0.0,0.0,0.0,0.0
clustered_16,1,1,0.0,0.0,0.0,0.0,0.0,0.0,0.0,0.0,0.0
clustered_16,2,1,0.0,0.0,0.0,0.0,0.0,0.0,0.0,0.0,0.0
clustered_16,3,1,0.0,0.0,0.0,0.0,0.0,0.0,0.0,0.0,0.0
clustered_16,4,1,0.0,0.0,0.0,0.0,0.0,0.0,0.0,0.0,0.0
clustered_16,5,1,0.0,0.0,0.0,0.0,0.0,0.0,0.0,0.0,0.0
clustered_16,6,1,0.0,0.0,0.0,0.0,0.0,0.0,0.0,0.0,0.0
clustered_16,7,1,0.0,0.0,0.0,0.0,0.0,0.0,0.0,0.0,0.0
clustered_16,8,1,0.0,0.0,0.0,0.0,0.0,0.0,0.0,0.0,0.0
clustered_16,0,2,0.0,0.0,0.0,0.0,0.0,0.0,0.0,0.0,0.0
clustered_16,1,2,0.0,0.0,0.0,0.0,0.0,0.0,0.0,0.0,0.0
clustered_16,2,2,0.0,0.0,0.0,0.0,0.0,0.0,0.0,0.0,0.0
clustered_16,3,2,0.0,0.0,0.0,0.0,0.0,0.0,0.0,0.0,0.0
clustered_16,4,2,0.0,0.0,0.0,0.0,0.0,0.0,0.0,0.0,0.0
clustered_16,5,2,0.0,0.0,0.0,0.0,0.0,0.0,0.0,0.0,0.0
clustered_16,6,2,0.0,0.0,0.0,0.0,0.0,0.0,0.0,0.0,0.0
clustered_16,7,2,0.0,0.0,0.0,0.0,0.0,0.0,0.0,0.0,0.0
clustered_16,8,2,0.0,0.0,0.0,0.0,0.0,0.0,0.0,0.0,0.0
clustered_16,0,3,0.0,0.0,0.0,0.0,0.0,0.0,0.0,0.0,0.0
clustered_16,1,3,0.0,0.0,0.0,0.0,0.0,0.0,0.0,0.0,0.0
clustered_16,2,3,0.0,0.0,0.0,0.0,0.0,0.0,0.0,0.0,0.0
clustered_16,3,3,0.0,0.0,0.0,0.0,0.0,0.0,0.0,0.0,0.0
clustered_16,4,3,0.0,0.0,0.0,0.0,0.0,0.0,0.0,0.0,0.0
clustered_16,5,3,0.0,0.0,0.0,0.0,0.0,0.0,0.0,0.0,0.0
clustered_16,6,3,0.0,0.0,0.0,0.0,0.0,0.0,0.0,0.0,0.0
clustered_16,7,3,0.0,0.0,0.0,0.0,0.0,0.0,0.0,0.0,0.0
clustered_16,8,3,0.0,0.0,0.0,0.0,0.0,0.0,0.0,0.0,0.0
clustered_16,0,4,0.0,0.0,0.0,0.0,0.0,0.0,0.0,0.0,0.0
clustered_16,1,4,0.0,0.0,0.0,0.0,0.0,0.0,0.0,0.0,0.0
clustered_16,2,4,0.0,0.0,0.0,0.0,0.0,0.0,0.0,0.0,0.0
clustered_16,3,4,0.0,0.0,0.0,0.0,0.0,0.0,0.0,0.0,0.0
clustered_16,4,4,0.0,0.0,0.0,0.0,0.0,0.0,0.0,0.0,0.0
clustered_16,5,4,0.0,0.0,0.0,0.0,0.0,0.0,0.0,0.0,0.0
clustered_16,6,4,0.0,0.0,0.0,0.0,0.0,0.0,0.0,0.0,0.0
clustered_16,7,4,0.0,0.0,0.0,0.0,0.0,0.0,0.0,0.0,0.0
clustered_16,8,4,0.0,0.0,0.0,0.0,0.0,0.0,0.0,0.0,0.0
clustered_16,0,5,0.0,0.0,0.0,0.0,0.0,0.0,0.0,0.0,0.0
clustered_16,1,5,0.0,0.0,0.0,0.0,0.0,0.0,0.0,0.0,0.0
clustered_16,2,5,0.0,0.0,0.0,0.0,0.0,0.0,0.0,0.0,0.0
clustered_16,3,5,0.0,0.0,0.0,0.0,0.0,0.0,0.0,0.0,0.0
clustered_16,4,5,0.0,0.0,0.0,0.0,0.0,0.0,0.0,0.0,0.0
clustered_16,5,5,0.0,0.0,0.0,0.0,0.0,0.0,0.0,0.0,0.0
clustered_16,6,5,0.0,0.0,0.0,0.0,0.0,0.0,0.0,0.0,0.0
clustered_16,7,5,0.0,0.0,0.0,0.0,0.0,0.0,0.0,0.0,0.0
clustered_16,8,5,0.0,0.0,0.0,0.0,0.0,0.0,0.0,0.0,0.0
clustered_17,0,1,0.0,0.0,0.0,0.0,0.0,0.0,0.0,0.0,0.0
clustered_17,1,1,0.0,0.0,0.0,0.0,0.0,0.0,0.0,0.0,0.0
clustered_17,2,1,0.0,0.0,0.0,0.0,0.0,0.0,0.0,0.0,0.0
clustered_17,3,1,0.0,0.0,0.0,0.0,0.0,0.0,0.0,0.0,0.0
clustered_17,4,1,0.0,0.0,0.0,0.0,0.0,0.0,0.0,0.0,0.0
clustered_17,5,1,0.0,0.0,0.0,0.0,0.0,0.0,0.0,0.0,0.0
clustered_17,6,1,0.0,0.0,0.0,0.0,0.0,0.0,0.0,0.0,0.0
clustered_17,7,1,0.0,0.0,0.0,0.0,0.0,0.0,0.0,0.0,0.0
clustered_17,8,1,0.0,0.0,0.0,0.0,0.0,0.0,0.0,0.0,0.0
clustered_17,0,2,0.0,0.0,0.0,0.0,0.0,0.0,0.0,0.0,0.0
clustered_17,1,2,0.0,0.0,0.0,0.0,0.0,0.0,0.0,0.0,0.0
clustered_17,2,2,0.0,0.0,0.0,0.0,0.0,0.0,0.0,0.0,0.0
clustered_17,3,2,0.0,0.0,0.0,0.0,0.0,0.0,0.0,0.0,0.0
clustered_17,4,2,0.0,0.0,0.0,0.0,0.0,0.0,0.0,0.0,0.0
clustered_17,5,2,0.0,0.0,0.0,0.0,0.0,0.0,0.0,0.0,0.0
clustered_17,6,2,0.0,0.0,0.0,0.0,0.0,0.0,0.0,0.0,0.0
clustered_17,7,2,0.0,0.0,0.0,0.0,0.0,0.0,0.0,0.0,0.0
clustered_17,8,2,0.0,0.0,0.0,0.0,0.0,0.0,0.0,0.0,0.0
clustered_17,0,3,0.0,0.0,0.0,0.0,0.0,0.0,0.0,0.0,0.0
clustered_17,1,3,0.0,0.0,0.0,0.0,0.0,0.0,0.0,0.0,0.0
clustered_17,2,3,0.0,0.0,0.0,0.0,0.0,0.0,0.0,0.0,0.0
clustered_17,3,3,0.0,0.0,0.0,0.0,0.0,0.0,0.0,0.0,0.0
clustered_17,4,3,0.0,0.0,0.0,0.0,0.0,0.0,0.0,0.0,0.0
clustered_17,5,3,0.0,0.0,0.0,0.0,0.0,0.0,0.0,0.0,0.0
clustered_17,6,3,0.0,0.0,0.0,0.0,0.0,0.0,0.0,0.0,0.0
clustered_17,7,3,0.0,0.0,0.0,0.0,0.0,0.0,0.0,0.0,0.0
clustered_17,8,3,0.0,0.0,0.0,0.0,0.0,0.0,0.0,0.0,0.0
clustered_17,0,4,0.0,0.0,0.0,0.0,0.0,0.0,0.0,0.0,0.0
clustered_17,1,4,0.0,0.0,0.0,0.0,0.0,0.0,0.0,0.0,0.0
clustered_17,2,4,0.0,0.0,0.0,0.0,0.0,0.0,0.0,0.0,0.0
clustered_17,3,4,0.0,0.0,0.0,0.0,0.0,0.0,0.0,0.0,0.0
clustered_17,4,4,0.0,0.0,0.0,0.0,0.0,0.0,0.0,0.0,0.0
clustered_17,5,4,0.0,0.0,0.0,0.0,0.0,0.0,0.0,0.0,0.0
clustered_17,6,4,0.0,0.0,0.0,0.0,0.0,0.0,0.0,0.0,0.0
clustered_17,7,4,0.0,0.0,0.0,0.0,0.0,0.0,0.0,0.0,0.0
clustered_17,8,4,0.0,0.0,0.0,0.0,0.0,0.0,0.0,0.0,0.0
clustered_17,0,5,0.0,0.0,0.0,0.0,0.0,0.0,0.0,0.0,0.0
clustered_17,1,5,0.0,0.0,0.0,0.0,0.0,0.0,0.0,0.0,0.0
clustered_17,2,5,0.0,0.0,0.0,0.0,0.0,0.0,0.0,0.0,0.0
clustered_17,3,5,0.0,0.0,0.0,0.0,0.0,0.0,0.0,0.0,0.0
clustered_17,4,5,0.0,0.0,0.0,0.0,0.0,0.0,0.0,0.0,0.0
clustered_17,5,5,0.0,0.0,0.0,0.0,0.0,0.0,0.0,0.0,0.0
clustered_17,6,5,0.0,0.0,0.0,0.0,0.0,0.0,0.0,0.0,0.0
clustered_17,7,5,0.0,0.0,0.0,0.0,0.0,0.0,0.0,0.0,0.0
clustered_17,8,5,0.0,0.0,0.0,0.0,0.0,0.0,0.0,0.0,0.0
clustered_18,0,1,0.0,0.0,0.0,0.0,0.0,0.0,0.0,0.0,0.0
clustered_18,1,1,0.0,0.0,0.0,0.0,0.0,0.0,0.0,0.0,0.0
clustered_18,2,1,0.0,0.0,0.0,0.0,0.0,0.0,0.0,0.0,0.0
clustered_18,3,1,0.0,0.0,0.0,0.0,0.0,0.0,0.0,0.0,0.0
clustered_18,4,1,0.0,0.0,0.0,0.0,0.0,0.0,0.0,0.0,0.0
clustered_18,5,1,0.0,0.0,0.0,0.0,0.0,0.0,0.0,0.0,0.0
clustered_18,6,1,0.0,0.0,0.0,0.0,0.0,0.0,0.0,0.0,0.0
clustered_18,7,1,0.0,0.0,0.0,0.0,0.0,0.0,0.0,0.0,0.0
clustered_18,8,1,0.0,0.0,0.0,0.0,0.0,0.0,0.0,0.0,0.0
clustered_18,0,2,0.0,0.0,0.0,0.0,0.0,0.0,0.0,0.0,0.0
clustered_18,1,2,0.0,0.0,0.0,0.0,0.0,0.0,0.0,0.0,0.0
clustered_18,2,2,0.0,0.0,0.0,0.0,0.0,0.0,0.0,0.0,0.0
clustered_18,3,2,0.0,0.0,0.0,0.0,0.0,0.0,0.0,0.0,0.0
clustered_18,4,2,0.0,0.0,0.0,0.0,0.0,0.0,0.0,0.0,0.0
clustered_18,5,2,0.0,0.0,0.0,0.0,0.0,0.0,0.0,0.0,0.0
clustered_18,6,2,0.0,0.0,0.0,0.0,0.0,0.0,0.0,0.0,0.0
clustered_18,7,2,0.0,0.0,0.0,0.0,0.0,0.0,0.0,0.0,0.0
clustered_18,8,2,0.0,0.0,0.0,0.0,0.0,0.0,0.0,0.0,0.0
clustered_18,0,3,0.0,0.0,0.0,0.0,0.0,0.0,0.0,0.0,0.0
clustered_18,1,3,0.0,0.0,0.0,0.0,0.0,0.0,0.0,0.0,0.0
clustered_18,2,3,0.0,0.0,0.0,0.0,0.0,0.0,0.0,0.0,0.0
clustered_18,3,3,0.0,0.0,0.0,0.0,0.0,0.0,0.0,0.0,0.0
clustered_18,4,3,0.0,0.0,0.0,0.0,0.0,0.0,0.0,0.0,0.0
clustered_18,5,3,0.0,0.0,0.0,0.0,0.0,0.0,0.0,0.0,0.0
clustered_18,6,3,0.0,0.0,0.0,0.0,0.0,0.0,0.0,0.0,0.0
clustered_18,7,3,0.0,0.0,0.0,0.0,0.0,0.0,0.0,0.0,0.0
clustered_18,8,3,0.0,0.0,0.0,0.0,0.0,0.0,0.0,0.0,0.0
clustered_18,0,4,0.0,0.0,0.0,0.0,0.0,0.0,0.0,0.0,0.0
clustered_18,1,4,0.0,0.0,0.0,0.0,0.0,0.0,0.0,0.0,0.0
clustered_18,2,4,0.0,0.0,0.0,0.0,0.0,0.0,0.0,0.0,0.0
clustered_18,3,4,0.0,0.0,0.0,0.0,0.0,0.0,0.0,0.0,0.0
clustered_18,4,4,0.0,0.0,0.0,0.0,0.0,0.0,0.0,0.0,0.0
clustered_18,5,4,0.0,0.0,0.0,0.0,0.0,0.0,0.0,0.0,0.0
clustered_18,6,4,0.0,0.0,0.0,0.0,0.0,0.0,0.0,0.0,0.0
clustered_18,7,4,0.0,0.0,0.0,0.0,0.0,0.0,0.0,0.0,0.0
clustered_18,8,4,0.0,0.0,0.0,0.0,0.0,0.0,0.0,0.0,0.0
clustered_18,0,5,0.0,0.0,0.0,0.0,0.0,0.0,0.0,0.0,0.0
clustered_18,1,5,0.0,0.0,0.0,0.0,0.0,0.0,0.0,0.0,0.0
clustered_18,2,5,0.0,0.0,0.0,0.0,0.0,0.0,0.0,0.0,0.0
clustered_18,3,5,0.0,0.0,0.0,0.0,0.0,0.0,0.0,0.0,0.0
clustered_18,4,5,0.0,0.0,0.0,0.0,0.0,0.0,0.0,0.0,0.0
clustered_18,5,5,0.0,0.0,0.0,0.0,0.0,0.0,0.0,0.0,0.0
clustered_18,6,5,0.0,0.0,0.0,0.0,0.0,0.0,0.0,0.0,0.0
clustered_18,7,5,0.0,0.0,0.0,0.0,0.0,0.0,0.0,0.0,0.0
clustered_18,8,5,0.0,0.0,0.0,0.0,0.0,0.0,0.0,0.0,0.0
clustered_19,0,1,0.0,0.0,0.0,0.0,0.0,0.0,0.0,0.0,0.0
clustered_19,1,1,0.0,0.0,0.0,0.0,0.0,0.0,0.0,0.0,0.0
clustered_19,2,1,0.0,0.0,0.0,0.0,0.0,0.0,0.0,0.0,0.0
clustered_19,3,1,0.0,0.0,0.0,0.0,0.0,0.0,0.0,0.0,0.0
clustered_19,4,1,0.0,0.0,0.0,0.0,0.0,0.0,0.0,0.0,0.0
clustered_19,5,1,0.0,0.0,0.0,0.0,0.0,0.0,0.0,0.0,0.0
clustered_19,6,1,0.0,0.0,0.0,0.0,0.0,0.0,0.0,0.0,0.0
clustered_19,7,1,0.0,0.0,0.0,0.0,0.0,0.0,0.0,0.0,0.0
clustered_19,8,1,0.0,0.0,0.0,0.0,0.0,0.0,0.0,0.0,0.0
clustered_19,0,2,0.0,0.0,0.0,0.0,0.0,0.0,0.0,0.0,0.0
clustered_19,1,2,0.0,0.0,0.0,0.0,0.0,0.0,0.0,0.0,0.0
clustered_19,2,2,0.0,0.0,0.0,0.0,0.0,0.0,0.0,0.0,0.0
clustered_19,3,2,0.0,0.0,0.0,0.0,0.0,0.0,0.0,0.0,0.0
clustered_19,4,2,0.0,0.0,0.0,0.0,0.0,0.0,0.0,0.0,0.0
clustered_19,5,2,0.0,0.0,0.0,0.0,0.0,0.0,0.0,0.0,0.0
clustered_19,6,2,0.0,0.0,0.0,0.0,0.0,0.0,0.0,0.0,0.0
clustered_19,7,2,0.0,0.0,0.0,0.0,0.0,0.0,0.0,0.0,0.0
clustered_19,8,2,0.0,0.0,0.0,0.0,0.0,0.0,0.0,0.0,0.0
clustered_19,0,3,0.0,0.0,0.0,0.0,0.0,0.0,0.0,0.0,0.0
clustered_19,1,3,0.0,0.0,0.0,0.0,0.0,0.0,0.0,0.0,0.0
clustered_19,2,3,0.0,0.0,0.0,0.0,0.0,0.0,0.0,0.0,0.0
clustered_19,3,3,0.0,0.0,0.0,0.0,0.0,0.0,0.0,0.0,0.0
clustered_19,4,3,0.0,0.0,0.0,0.0,0.0,0.0,0.0,0.0,0.0
clustered_19,5,3,0.0,0.0,0.0,0.0,0.0,0.0,0.0,0.0,0.0
clustered_19,6,3,0.0,0.0,0.0,0.0,0.0,0.0,0.0,0.0,0.0
clustered_19,7,3,0.0,0.0,0.0,0.0,0.0,0.0,0.0,0.0,0.0
clustered_19,8,3,0.0,0.0,0.0,0.0,0.0,0.0,0.0,0.0,0.0
clustered_19,0,4,0.0,0.0,0.0,0.0,0.0,0.0,0.0,0.0,0.0
clustered_19,1,4,0.0,0.0,0.0,0.0,0.0,0.0,0.0,0.0,0.0
clustered_19,2,4,0.0,0.0,0.0,0.0,0.0,0.0,0.0,0.0,0.0
clustered_19,3,4,0.0,0.0,0.0,0.0,0.0,0.0,0.0,0.0,0.0
clustered_19,4,4,0.0,0.0,0.0,0.0,0.0,0.0,0.0,0.0,0.0
clustered_19,5,4,0.0,0.0,0.0,0.0,0.0,0.0,0.0,0.0,0.0
clustered_19,6,4,0.0,0.0,0.0,0.0,0.0,0.0,0.0,0.0,0.0
clustered_19,7,4,0.0,0.0,0.0,0.0,0.0,0.0,0.0,0.0,0.0
clustered_19,8,4,0.0,0.0,0.0,0.0,0.0,0.0,0.0,0.0,0.0
clustered_19,0,5,0.0,0.0,0.0,0.0,0.0,0.0,0.0,0.0,0.0
clustered_19,1,5,0.0,0.0,0.0,0.0,0.0,0.0,0.0,0.0,0.0
clustered_19,2,5,0.0,0.0,0.0,0.0,0.0,0.0,0.0,0.0,0.0
clustered_19,3,5,0.0,0.0,0.0,0.0,0.0,0.0,0.0,0.0,0.0
clustered_19,4,5,0.0,0.0,0.0,0.0,0.0,0.0,0.0,0.0,0.0
clustered_19,5,5,0.0,0.0,0.0,0.0,0.0,0.0,0.0,0.0,0.0
clustered_19,6,5,0.0,0.0,0.0,0.0,0.0,0.0,0.0,0.0,0.0
clustered_19,7,5,0.0,0.0,0.0,0.0,0.0,0.0,0.0,0.0,0.0
clustered_19,8,5,0.0,0.0,0.0,0.0,0.0,0.0,0.0,0.0,0.0
clustered_20,0,1,0.0,0.0,0.0,0.0,0.0,0.0,0.0,0.0,0.0
clustered_20,1,1,0.0,0.0,0.0,0.0,0.0,0.0,0.0,0.0,0.0
clustered_20,2,1,0.0,0.0,0.0,0.0,0.0,0.0,0.0,0.0,0.0
clustered_20,3,1,0.0,0.0,0.0,0.0,0.0,0.0,0.0,0.0,0.0
clustered_20,4,1,0.0,0.0,0.0,0.0,0.0,0.0,0.0,0.0,0.0
clustered_20,5,1,0.0,0.0,0.0,0.0,0.0,0.0,0.0,0.0,0.0
clustered_20,6,1,0.0,0.0,0.0,0.0,0.0,0.0,0.0,0.0,0.0
clustered_20,7,1,0.0,0.0,0.0,0.0,0.0,0.0,0.0,0.0,0.0
clustered_20,8,1,0.0,0.0,0.0,0.0,0.0,0.0,0.0,0.0,0.0
clustered_20,0,2,0.0,0.0,0.0,0.0,0.0,0.0,0.0,0.0,0.0
clustered_20,1,2,0.0,0.0,0.0,0.0,0.0,0.0,0.0,0.0,0.0
clustered_20,2,2,0.0,0.0,0.0,0.0,0.0,0.0,0.0,0.0,0.0
clustered_20,3,2,0.0,0.0,0.0,0.0,0.0,0.0,0.0,0.0,0.0
clustered_20,4,2,0.0,0.0,0.0,0.0,0.0,0.0,0.0,0.0,0.0
clustered_20,5,2,0.0,0.0,0.0,0.0,0.0,0.0,0.0,0.0,0.0
clustered_20,6,2,0.0,0.0,0.0,0.0,0.0,0.0,0.0,0.0,0.0
clustered_20,7,2,0.0,0.0,0.0,0.0,0.0,0.0,0.0,0.0,0.0
clustered_20,8,2,0.0,0.0,0.0,0.0,0.0,0.0,0.0,0.0,0.0
clustered_20,0,3,0.0,0.0,0.0,0.0,0.0,0.0,0.0,0.0,0.0
clustered_20,1,3,0.0,0.0,0.0,0.0,0.0,0.0,0.0,0.0,0.0
clustered_20,2,3,0.0,0.0,0.0,0.0,0.0,0.0,0.0,0.0,0.0
clustered_20,3,3,0.0,0.0,0.0,0.0,0.0,0.0,0.0,0.0,0.0
clustered_20,4,3,0.0,0.0,0.0,0.0,0.0,0.0,0.0,0.0,0.0
clustered_20,5,3,0.0,0.0,0.0,0.0,0.0,0.0,0.0,0.0,0.0
clustered_20,6,3,0.0,0.0,0.0,0.0,0.0,0.0,0.0,0.0,0.0
clustered_20,7,3,0.0,0.0,0.0,0.0,0.0,0.0,0.0,0.0,0.0
clustered_20,8,3,0.0,0.0,0.0,0.0,0.0,0.0,0.0,0.0,0.0
clustered_20,0,4,0.0,0.0,0.0,0.0,0.0,0.0,0.0,0.0,0.0
clustered_20,1,4,0.0,0.0,0.0,0.0,0.0,0.0,0.0,0.0,0.0
clustered_20,2,4,0.0,0.0,0.0,0.0,0.0,0.0,0.0,0.0,0.0
clustered_20,3,4,0.0,0.0,0.0,0.0,0.0,0.0,0.0,0.0,0.0
clustered_20,4,4,0.0,0.0,0.0,0.0,0.0,0.0,0.0,0.0,0.0
clustered_20,5,4,0.0,0.0,0.0,0.0,0.0,0.0,0.0,0.0,0.0
clustered_20,6,4,0.0,0.0,0.0,0.0,0.0,0.0,0.0,0.0,0.0
clustered_20,7,4,0.0,0.0,0.0,0.0,0.0,0.0,0.0,0.0,0.0
clustered_20,8,4,0.0,0.0,0.0,0.0,0.0,0.0,0.0,0.0,0.0
clustered_20,0,5,0.0,0.0,0.0,0.0,0.0,0.0,0.0,0.0,0.0
clustered_20,1,5,0.0,0.0,0.0,0.0,0.0,0.0,0.0,0.0,0.0
clustered_20,2,5,0.0,0.0,0.0,0.0,0.0,0.0,0.0,0.0,0.0
clustered_20,3,5,0.0,0.0,0.0,0.0,0.0,0.0,0.0,0.0,0.0
clustered_20,4,5,0.0,0.0,0.0,0.0,0.0,0.0,0.0,0.0,0.0
clustered_20,5,5,0.0,0.0,0.0,0.0,0.0,0.0,0.0,0.0,0.0
clustered_20,6,5,0.0,0.0,0.0,0.0,0.0,0.0,0.0,0.0,0.0
clustered_20,7,5,0.0,0.0,0.0,0.0,0.0,0.0,0.0,0.0,0.0
clustered_20,8,5,0.0,0.0,0.0,0.0,0.0,0.0,0.0,0.0,0.0
